Workbook

Sheet Summary
A1: Zotero Group Collection Audit
A2: SCIE 4403 Lit Review / Lit Review Papers | audit date: 2026-09-02
A4: Collection records | B4: =COUNTA(Inventory!$H$2:$H$19) -> 18 | D4: Audit boundary
A5: Unique bibliographic records | B5: =B4-B8 -> 17 | D5: Stage 7 is complete: the review is organised into six argument-led sections and 19 planned synthesis steps.
A6: PDFs locally available | B6: =COUNTIF(Inventory!$M$2:$M$19,"AVAILABLE") -> 18 | D6: The sequence moves from evidence rules to westward/eastward movement, regional mechanisms, language interpretation, limits and final synthesis.
A7: PDFs readable | B7: =COUNTIF(Inventory!$N$2:$N$19,"VALID") -> 18 | D7: Every planned claim is linked to existing studies and evidence pointers, with earlier, target-period and later evidence kept distinct.
A8: Duplicate excess records | B8: =COUNTIF(Inventory!$Q$2:$Q$19,"DUPLICATE") -> 1 | D8: This is an outline only; no review prose has been drafted. Stage 8 will begin only if drafting is explicitly requested.
A9: Records missing DOI | B9: =COUNTBLANK(Inventory!$F$2:$F$19) -> 0
A10: Unique title/abstract records screened | B10: =COUNTIF('Screening Decisions'!$F$2:$F$19,"YES") -> 17 | D10: Key audit finding
A11: Group records retained | B11: =COUNTIFS('Screening Decisions'!$F$2:$F$19,"YES",'Screening Decisions'!$G$2:$G$19,"INCLUDE") -> 17 | D11: Strongest convergence: multi-stage Yamnaya formation and rapid westward dispersal around 3300–3000 BCE.
A12: Full texts assessed | B12: =COUNTA('Evidence Extraction'!$B$2:$B$16) -> 15 | D12: Eastward Afanasievo-related movement is supported, but the intermediate route remains more sparsely sampled.
A13: Studies in cross-study synthesis | B13: =COUNTA('Synthesis Table'!$A$2:$A$16) -> 15 | D13: Regional studies consistently qualify a uniform replacement model through admixture, sex bias and cultural transmission.
A14: My-section background only | B14: =COUNTIF('Screening Decisions'!$I$2:$I$19,"BACKGROUND ONLY") -> 2 | D14: The principal language gap is the absence of direct linguistic evidence: demographic compatibility is not proof of speech.
A15: Full-text exclusions | B15: =COUNTIF('Screening Decisions'!$O$2:$O$19,"EXCLUDE") -> 0
A16: Areas of agreement | B16: =COUNTIF('Agreements & Gaps'!$A$5:$A$24,"AGREEMENT") -> 6
A17: Tensions / disagreements | B17: =COUNTIF('Agreements & Gaps'!$A$5:$A$24,"TENSION") -> 7
A18: Evidence gaps | B18: =COUNTIF('Agreements & Gaps'!$A$5:$A$24,"GAP") -> 7
A19: Major outline sections | B19: =MAX('Argument Outline'!$B$5:$B$23) -> 6
A20: Argument steps | B20: =COUNTA('Argument Outline'!$A$5:$A$23) -> 19

Sheet Inventory
A1: Record # | B1: Creator(s) | C1: Year | D1: Title | E1: Publication | F1: DOI | G1: URL | H1: Zotero Item Key | I1: BibTeX Key | J1: Source Catalog | K1: Added to Zotero | L1: PDF Attachment Key | M1: PDF Availability | N1: PDF Readability | O1: PDF Pages | P1: PDF Size (bytes) | Q1: Duplicate Status | R1: Group Relevance | S1: My Section Relevance | T1: Audit Notes
A2: 1 | B2: Wong et al. | C2: 2017 | D2: Reconstructing genetic history of Siberian and Northeastern European populations | E2: Genome Research | F2: 10.1101/gr.202945.115 | H2: CEFW5MDT | I2: wong_reconstructing_2017 | J2: Clarivate Analytics Web of Science | K2: 46266.39 | L2: BWE7BMJ5 | M2: AVAILABLE | N2: VALID | O2: 15 | P2: 2799848 | Q2: UNIQUE | R2: INCLUDE | S2: INCLUDE - MIGRATION
A3: 2 | B3: Chintalapati et al. | C3: 2022 | D3: The spatiotemporal patterns of major human admixture events during the European Holocene | E3: eLife | F3: 10.7554/eLife.77625 | G3: https://elifesciences.org/articles/77625 | H3: EIBGSQF3 | I3: chintalapati_spatiotemporal_2022 | J3: Clarivate Analytics Web of Science | K3: 46266.39 | L3: H3X8UPU5 | M3: AVAILABLE | N3: VALID | O3: 43 | P3: 8757452 | Q3: UNIQUE | R3: INCLUDE | S3: INCLUDE - MIGRATION + LANGUAGE
A4: 3 | B4: Wang et al. | C4: 2021 | D4: Genomic insights into the formation of human populations in East Asia | E4: Nature | F4: 10.1038/s41586-021-03336-2 | G4: https://www.nature.com/articles/s41586-021-03336-2 | H4: 4IUR2RSU | I4: wang_genomic_2021 | J4: www.nature.com | K4: 46266.389 | L4: Y6XQYYTF | M4: AVAILABLE | N4: VALID | O4: 25 | P4: 20139128 | Q4: UNIQUE | R4: INCLUDE | S4: INCLUDE - MIGRATION + LANGUAGE | T4: A bibliographic match exists outside this collection as unfiled group item IVVVT6WZ; see Flag Register.
A5: 4 | B5: Librado et al. | C5: 2021 | D5: The origins and spread of domestic horses from the Western Eurasian steppes | E5: Nature | F5: 10.1038/s41586-021-04018-9 | G5: https://www.nature.com/articles/s41586-021-04018-9 | H5: QD6IY2HJ | I5: librado_origins_2021 | J5: Clarivate Analytics Web of Science | K5: 46266.388 | L5: BVIH8K6B | M5: AVAILABLE | N5: VALID | O5: 24 | P5: 12033106 | Q5: UNIQUE | R5: INCLUDE | S5: BACKGROUND ONLY
A6: 5 | B6: Scorrano et al. | C6: 2021 | D6: The genetic and cultural impact of the Steppe migration into Europe. | E6: Annals of Human Biology | F6: 10.1080/03014460.2021.1942984 | G6: https://research.ebsco.com/plink/da3fd0bc-0e84-3874-9253-4d17249125a6 | H6: 24A5ALRY | I6: scorrano_genetic_2021 | J6: EBSCOhost | K6: 46266.387 | L6: 84LGCG9B | M6: AVAILABLE | N6: VALID | O6: 12 | P6: 2169520 | Q6: UNIQUE | R6: INCLUDE | S6: INCLUDE - MIGRATION
A7: 6 | B7: Linderholm et al. | C7: 2020 | D7: Corded Ware cultural complexity uncovered using genomic and isotopic analysis from south-eastern Poland | E7: Scientific Reports | F7: 10.1038/s41598-020-63138-w | G7: https://www.nature.com/articles/s41598-020-63138-w | H7: Z6RYK2BV | I7: linderholm_corded_2020 | J7: Clarivate Analytics Web of Science | K7: 46266.386 | L7: SRTBVJNI | M7: AVAILABLE | N7: VALID | O7: 13 | P7: 1658130 | Q7: UNIQUE | R7: INCLUDE | S7: INCLUDE - MIGRATION
A8: 7 | B8: Lazaridis et al. | C8: 2025 | D8: The genetic origin of the Indo-Europeans | E8: Nature | F8: 10.1038/s41586-024-08531-5 | G8: https://www.nature.com/articles/s41586-024-08531-5 | H8: DHIHCURJ | I8: lazaridis_genetic_2025 | J8: www.nature.com | K8: 46266.386 | L8: WJTY96RM | M8: AVAILABLE | N8: VALID | O8: 29 | P8: 24839158 | Q8: DUPLICATE | R8: EXCLUDE | S8: EXCLUDE | T8: Exact duplicate of KZVYLCU9; DOI, title, citation key, PDF size, and SHA-256 match.
A9: 8 | B9: Furholt | C9: 2018 | D9: Massive Migrations? The Impact of Recent aDNA Studies on our View of Third Millennium Europe | E9: European Journal of Archaeology | F9: 10.1017/eaa.2017.43 | H9: 2DPCPNXM | I9: furholt_massive_2018 | J9: Clarivate Analytics Web of Science | K9: 46266.385 | L9: F3V38A6Z | M9: AVAILABLE | N9: VALID | O9: 33 | P9: 597318 | Q9: UNIQUE | R9: INCLUDE | S9: BACKGROUND ONLY
A10: 9 | B10: Tassi et al. | C10: 2017 | D10: Genome diversity in the Neolithic Globular Amphorae culture and the spread of Indo-European languages | E10: Proceedings of the Royal Society B: Biological Sciences | F10: 10.1098/rspb.2017.1540 | G10: https://doi.org/10.1098/rspb.2017.1540 | H10: Q2Y9FLYQ | I10: tassi_genome_2017 | J10: Silverchair | K10: 46266.384 | L10: XDF7EXQE | M10: AVAILABLE | N10: VALID | O10: 9 | P10: 1038667 | Q10: UNIQUE | R10: INCLUDE | S10: INCLUDE - MIGRATION + LANGUAGE | T10: Also has an HTML snapshot child attachment.
A11: 10 | B11: Ringbauer et al. | C11: 2024 | D11: Accurate detection of identity-by-descent segments in human ancient DNA | E11: Nature Genetics | F11: 10.1038/s41588-023-01582-w | G11: https://www.nature.com/articles/s41588-023-01582-w | H11: MVP4P8Z2 | I11: ringbauer_accurate_2024 | J11: www.nature.com | K11: 46266.384 | L11: 6MUTAXCN | M11: AVAILABLE | N11: VALID | O11: 28 | P11: 14557210 | Q11: UNIQUE | R11: INCLUDE | S11: INCLUDE - MIGRATION
A12: 11 | B12: Dzhaubermezov et al. | C12: 2026 | D12: Genomic history of the Caucasus: A systematic review and meta-analysis of ancient DNA studies | E12: BioSystems | F12: 10.1016/j.biosystems.2026.105906 | G12: https://www.sciencedirect.com/science/article/pii/S0303264726002169 | H12: 8LBVFX2C | I12: dzhaubermezov_genomic_2026 | J12: ScienceDirect | K12: 46256.231 | L12: A4979JQC | M12: AVAILABLE | N12: VALID | O12: 11 | P12: 6338020 | Q12: UNIQUE | R12: INCLUDE | S12: INCLUDE - MIGRATION | T12: Zotero publication date is 2026-10-01, later than the 2026-09-02 audit date; verify metadata before citation. Also has an HTML snapshot.
A13: 12 | B13: Lazaridis et al. | C13: 2025 | D13: The genetic origin of the Indo-Europeans | E13: Nature | F13: 10.1038/s41586-024-08531-5 | G13: https://www.nature.com/articles/s41586-024-08531-5 | H13: KZVYLCU9 | I13: lazaridis_genetic_2025 | J13: www.nature.com | K13: 46256.259 | L13: ZKCVIDCI | M13: AVAILABLE | N13: VALID | O13: 29 | P13: 24839158 | Q13: CANONICAL IN DUPLICATE SET | R13: INCLUDE | S13: INCLUDE - MIGRATION + LANGUAGE | T13: Earlier-added copy; exact duplicate of DHIHCURJ.
A14: 13 | B14: Nikitin et al. | C14: 2025 | D14: A genomic history of the North Pontic Region from the Neolithic to the Bronze Age | E14: Nature | F14: 10.1038/s41586-024-08372-2 | G14: https://www.nature.com/articles/s41586-024-08372-2 | H14: 9DJYHJ7E | I14: nikitin_genomic_2025 | J14: www.nature.com | K14: 46256.259 | L14: JTQ4LNEQ | M14: AVAILABLE | N14: VALID | O14: 19 | P14: 9250193 | Q14: UNIQUE | R14: INCLUDE | S14: INCLUDE - MIGRATION
A15: 14 | B15: Papac et al. | C15: 2021 | D15: Dynamic changes in genomic and social structures in third millennium BCE central Europe | E15: Science Advances | F15: 10.1126/sciadv.abi6941 | G15: https://pmc.ncbi.nlm.nih.gov/articles/PMC8386934/ | H15: U92TYDRN | I15: papac_dynamic_2021 | J15: PubMed Central | K15: 46256.258 | L15: 2NADC6DR | M15: AVAILABLE | N15: VALID | O15: 17 | P15: 2674771 | Q15: UNIQUE | R15: INCLUDE | S15: INCLUDE - MIGRATION | T15: Also has a linked catalog-page child attachment.
A16: 15 | B16: Mathieson et al. | C16: 2018 | D16: The genomic history of southeastern Europe | E16: Nature | F16: 10.1038/nature25778 | G16: https://www.nature.com/articles/nature25778 | H16: TTSVUEKS | I16: mathieson_genomic_2018 | J16: www.nature.com | K16: 46256.257 | L16: NAGVBZVU | M16: AVAILABLE | N16: VALID | O16: 17 | P16: 4355397 | Q16: UNIQUE | R16: INCLUDE | S16: INCLUDE - MIGRATION
A17: 16 | B17: Olalde et al. | C17: 2018 | D17: The Beaker phenomenon and the genomic transformation of northwest Europe | E17: Nature | F17: 10.1038/nature25738 | G17: https://www.nature.com/articles/nature25738 | H17: 2PL38PG4 | I17: olalde_beaker_2018 | J17: www.nature.com | K17: 46256.257 | L17: US52X4SZ | M17: AVAILABLE | N17: VALID | O17: 22 | P17: 5794715 | Q17: UNIQUE | R17: INCLUDE | S17: INCLUDE - MIGRATION
A18: 17 | B18: Allentoft et al. | C18: 2015 | D18: Population genomics of Bronze Age Eurasia | E18: Nature | F18: 10.1038/nature14507 | G18: https://www.nature.com/articles/nature14507 | H18: B2PLN5IB | I18: allentoft_population_2015 | J18: www.nature.com | K18: 46256.257 | L18: FVL6J4BR | M18: AVAILABLE | N18: VALID | O18: 17 | P18: 5513099 | Q18: UNIQUE | R18: INCLUDE | S18: INCLUDE - MIGRATION + LANGUAGE
A19: 18 | B19: Haak et al. | C19: 2015 | D19: Massive migration from the steppe was a source for Indo-European languages in Europe | E19: Nature | F19: 10.1038/nature14317 | G19: https://www.nature.com/articles/nature14317 | H19: 6ZNHJTYH | I19: haak_massive_2015 | J19: www.nature.com | K19: 46256.257 | L19: XINUIG5V | M19: AVAILABLE | N19: VALID | O19: 14 | P19: 8248715 | Q19: UNIQUE | R19: INCLUDE | S19: INCLUDE - MIGRATION + LANGUAGE

Sheet Flag Register
A1: Flag | B1: Status | C1: Collection Item(s) | D1: Related Item | E1: Evidence | F1: Effect on Counts | G1: Recommended Follow-up
A2: Within-collection duplicate | B2: CONFIRMED | C2: DHIHCURJ; KZVYLCU9 | E2: Same DOI, title, citation key and 24,839,158-byte PDF; attachment SHA-256 hashes are identical. | F2: 18 records; 17 unique bibliographic records. | G2: Keep one canonical record after the group confirms which Zotero item to retain. No deletion was performed.
A3: Unfiled group-library match | B3: REVIEW | C3: 4IUR2RSU | D3: IVVVT6WZ | E3: Same title and DOI. IVVVT6WZ is outside Lit Review Papers and its PDF hash differs from the collection copy. | F3: Not counted in the 18-record collection inventory. | G3: Inspect whether it is an alternate PDF/version before any merge or deletion.
A4: Publication-date metadata | B4: VERIFY | C4: 8LBVFX2C | E4: Zotero date is 2026-10-01, which is later than the audit date 2026-09-02. | F4: No change to inventory count. | G4: Verify the publication date before using the citation.
A5: Search provenance gap | B5: UNKNOWN | E5: Zero Zotero saved-search objects; no database-level result count, filters, fields, export file or confirmed search date found. | F5: Collection size cannot be used as the PRISMA identification count. | G5: Recover the original database/export log from the group if it exists.

Sheet Provenance
A1: Field | B1: Value | C1: Interpretation / constraint
A2: Audit date | B2: 2026-09-02 | C2: Australia/Perth
A3: Zotero group | B3: SCIE 4403 Lit Review | C3: Group library ID 6645071
A4: Zotero collection | B4: Lit Review Papers | C4: Collection key 62E8UWNY
A5: Collection records | B5: 18 | C5: Top-level journal-article records in the named collection
A6: Group top-level journal records | B6: 19 | C6: Includes one unfiled Wang et al. bibliographic match outside the collection
A7: Saved Zotero searches | B7: 0 | C7: No saved-search object is available to reconstruct database search settings
A8: Historical query | B8: ("Yamnaya" OR "Yamna culture") AND ("DNA" OR "aDNA" OR "ancient genomics") AND ("migration" OR "Indo-European") | C8: Preserved exactly from thesis-workflow/SKILL.md
A9: Database used | B9: UNKNOWN | C9: Source Catalog metadata is not proof of the database used for the historical search
A10: Search date | B10: UNKNOWN | C10: Zotero dateAdded timestamps are import dates, not verified search dates
A11: Fields searched | B11: UNKNOWN | C11: Not recoverable from Zotero collection metadata
A12: Filters | B12: UNKNOWN | C12: Not recoverable from Zotero collection metadata
A13: Records initially retrieved | B13: UNKNOWN | C13: Do not substitute the 18 Zotero records for this PRISMA number
A14: Export filename | B14: UNKNOWN | C14: No export file or search log was found in Zotero
A15: Screening status | B15: TITLE/ABSTRACT SCREENING COMPLETE | C15: 17 unique records screened; one exact duplicate removed before screening
A16: Full-text assessment | B16: FULL-TEXT ELIGIBILITY COMPLETE | C16: 15 primary candidates assessed from accessible PDFs; 15 included, 0 not retrieved and 0 excluded. Evidence and page/section pointers are stored in Evidence Extraction. The 2 background-only records were not part of this stage.
A17: Synthesis status | B17: COMPLETE | C17: Cross-study Synthesis Table and seven-theme/gap map completed from the 15 full-text evidence records; no new search and no review prose drafting.
A18: Theme identification status | B18: COMPLETE | C18: Stage 5 validated seven evidence-driven recurring themes from the 15 included full-text studies. All included studies are represented; no new search and no review drafting.
A19: Disagreement / gap status | B19: COMPLETE | C19: Stage 6 mapped six cross-study agreements, seven tensions/disagreements and seven literature-demonstrated gaps. Interpretive disagreement is separated from regional variation, model uncertainty and missing evidence; no new search or review drafting.
A20: Argument outline status | B20: COMPLETE — OUTLINE ONLY | C20: Stage 7 created a six-section, 19-step argument structure linked to the synthesis, disagreement/gap map and evidence records. No new search and no literature-review prose drafting.

Sheet Screening Decisions
A1: Record # | B1: Zotero Item Key | C1: Study | D1: Duplicate Status | E1: Evidence Used | F1: Title/Abstract Screened | G1: Group Relevance | H1: Group Decision Reason | I1: My Section Relevance | J1: My Section Decision Reason | K1: Language Relevance | L1: Chronological Role | M1: PDF Available | N1: My-Section Full-Text Path | O1: Full-Text Assessment | P1: Notes
A2: 1 | B2: CEFW5MDT | C2: Wong et al. (2017) | D2: UNIQUE | E2: Accessible full text | F2: YES | G2: INCLUDE | H2: Genetic history and admixture involving Yamnaya and northern Eurasian populations are relevant to the overall aDNA review. | I2: INCLUDE - MIGRATION | J2: Abstract reports Yamnaya-related admixture and ancient gene flow relevant to population movement; it makes no substantive Indo-European claim. | K2: BACKGROUND | L2: DIRECT / TARGET PERIOD | M2: YES | N2: ADVANCE | O2: INCLUDE - MIGRATION | P2: Full text supports inclusion as contextual migration evidence; ancient Yamnaya evidence is comparative rather than a direct migration transect.
A3: 2 | B3: EIBGSQF3 | C3: Chintalapati et al. (2022) | D3: UNIQUE | E3: Accessible full text | F3: YES | G3: INCLUDE | H3: Ancient-genomic dating reconstructs Steppe pastoralist ancestry and migration chronology. | I3: INCLUDE - MIGRATION + LANGUAGE | J3: Abstract addresses the timing and spread of Steppe ancestry across Europe and explicitly relates the findings to Indo-European language spread. | K3: EXPLICIT | L3: MIXED: EARLIER FORMATION + TARGET-PERIOD SPREAD | M3: YES | N3: ADVANCE | O3: INCLUDE - MIGRATION + LANGUAGE | P3: Full text assessed; direct demographic results and language interpretation are separated in Evidence Extraction.
A4: 3 | B4: 4IUR2RSU | C4: Wang et al. (2021) | D4: UNIQUE | E4: Accessible full text | F4: YES | G4: INCLUDE | H4: Genome-wide data address Eurasian population formation and Yamnaya-related ancestry in eastern Eurasia. | I4: INCLUDE - MIGRATION + LANGUAGE | J4: Abstract reports Yamnaya ancestry reaching western Mongolia after about 3000 BCE and explicitly proposes compatibility with proto-Tocharian dispersal. | K4: EXPLICIT | L4: DIRECT + LATER CONTINUATION | M4: YES | N4: ADVANCE | O4: INCLUDE - MIGRATION + LANGUAGE | P4: Full text assessed; proto-Tocharian is an author interpretation, not a genetic observation.
A5: 4 | B5: QD6IY2HJ | C5: Librado et al. (2021) | D5: UNIQUE | E5: Zotero title and abstract | F5: YES | G5: INCLUDE | H5: Ancient horse genomics is relevant to the group's technology and mobility questions and directly evaluates a proposed Yamnaya expansion mechanism. | I5: BACKGROUND ONLY | J5: The abstract rejects a simple link between horseback riding, Yamnaya expansion and Indo-European spread, but it does not provide human genetic evidence of Yamnaya migration. | K5: EXPLICIT | L5: TARGET-PERIOD CLAIM + LATER HORSE EXPANSION | M5: YES | N5: BACKGROUND / OPTIONAL | O5: NOT ASSESSED - BACKGROUND ONLY | P5: Background-only record was not part of this 15-paper eligibility stage.
A6: 5 | B6: 24A5ALRY | C6: Scorrano et al. (2021) | D6: UNIQUE | E6: Accessible full text | F6: YES | G6: INCLUDE | H6: The study assesses the genetic and sex-biased effects of Steppe migration on Bronze Age European populations. | I6: INCLUDE - MIGRATION | J6: Abstract directly addresses migration scale, geographic impact and male-biased Steppe ancestry in Corded Ware and Bell Beaker populations. | K6: INDIRECT | L6: DIRECT / EARLY THIRD MILLENNIUM BCE | M6: YES | N6: ADVANCE | O6: INCLUDE - MIGRATION | P6: Full text assessed; sex-bias conclusions carry explicit X-chromosome and sampling cautions.
A7: 6 | B7: Z6RYK2BV | C7: Linderholm et al. (2020) | D7: UNIQUE | E7: Accessible full text | F7: YES | G7: INCLUDE | H7: Genomic, kinship and isotope evidence informs Corded Ware population history and mobility. | I7: INCLUDE - MIGRATION | J7: Abstract reports Steppe paternal ancestry, local maternal lineages and local/non-local kinship in a Corded Ware community connected to Yamnaya. | K7: INDIRECT | L7: DIRECT / THIRD MILLENNIUM CONTEXT | M7: YES | N7: ADVANCE | O7: INCLUDE - MIGRATION | P7: Full text assessed; regional community-level evidence should not be generalized to all Corded Ware groups.
A8: 7 | B8: DHIHCURJ | C8: Lazaridis et al. (2025) - duplicate | D8: DUPLICATE | E8: DOI, title, metadata and PDF checksum | F8: NO | G8: EXCLUDE | H8: Exact duplicate of canonical collection item KZVYLCU9; removed before title/abstract screening. | I8: EXCLUDE | J8: Duplicate record; the canonical copy is screened separately. | K8: NOT ASSESSED | L8: NOT APPLICABLE | M8: YES | N8: DO NOT ADVANCE | O8: NOT APPLICABLE | P8: Exact duplicate of KZVYLCU9; no assessment performed.
A9: 8 | B9: 2DPCPNXM | C9: Furholt (2018) | D9: UNIQUE | E9: Zotero title and abstract | F9: YES | G9: INCLUDE | H9: The article critiques how aDNA migration narratives are interpreted in third-millennium European archaeology. | I9: BACKGROUND ONLY | J9: Abstract provides methodological and conceptual guidance for interpreting mobility and migration but does not present a principal new migration dataset. | K9: NONE | L9: TARGET-PERIOD METHODOLOGICAL CONTEXT | M9: YES | N9: BACKGROUND / OPTIONAL | O9: NOT ASSESSED - BACKGROUND ONLY | P9: Background-only methodological record was not part of this 15-paper eligibility stage.
A10: 9 | B10: Q2Y9FLYQ | C10: Tassi et al. (2017) | D10: UNIQUE | E10: Accessible full text | F10: YES | G10: INCLUDE | H10: Ancient DNA tests demographic relationships between Globular Amphorae groups and Pontic-steppe-related populations. | I10: INCLUDE - MIGRATION + LANGUAGE | J10: Abstract compares Steppe and Anatolian language-spread models and distinguishes cultural influence from movement of people. | K10: EXPLICIT | L10: EARLIER / CONTEXT FOR LATER TARGET-PERIOD GENE FLOW | M10: YES | N10: ADVANCE | O10: INCLUDE - MIGRATION + LANGUAGE | P10: Full text assessed; negative GAC result helps distinguish cultural influence from population movement.
A11: 10 | B11: MVP4P8Z2 | C11: Ringbauer et al. (2024) | D11: UNIQUE | E11: Accessible full text | F11: YES | G11: INCLUDE | H11: The method and application reveal close genealogical connections among ancient Eurasian populations. | I11: INCLUDE - MIGRATION | J11: Abstract reports substantial recent co-ancestry between Yamnaya and Corded Ware groups, directly informing their demographic relationship. | K11: INDIRECT | L11: DIRECT / TARGET-PERIOD RELATIONSHIP | M11: YES | N11: ADVANCE | O11: INCLUDE - MIGRATION | P11: Full text assessed; IBD supplies direct recent co-ancestry, not linguistic identity.
A12: 11 | B12: 8LBVFX2C | C12: Dzhaubermezov et al. (2026) | D12: UNIQUE | E12: Accessible full text | F12: YES | G12: INCLUDE | H12: Systematic review and meta-analysis addresses Caucasus demographic history, Steppe gene flow and Yamnaya expansion. | I12: INCLUDE - MIGRATION | J12: Abstract synthesizes Yamnaya-linked Steppe gene flow in a major Eurasian corridor; language-genetics is mentioned mainly as broader context. | K12: BACKGROUND | L12: BROAD BRONZE AGE / REQUIRES DATE-SPECIFIC EXTRACTION | M12: YES | N12: ADVANCE | O12: INCLUDE - MIGRATION | P12: Full text assessed as secondary pooled evidence; citation date metadata remains flagged.
A13: 12 | B13: KZVYLCU9 | C13: Lazaridis et al. (2025) | D13: CANONICAL IN DUPLICATE SET | E13: Accessible full text | F13: YES | G13: INCLUDE | H13: Ancient DNA reconstructs Yamnaya formation, expansion and ancestry relationships. | I13: INCLUDE - MIGRATION + LANGUAGE | J13: Abstract details migration and admixture routes preceding Yamnaya formation, the 3300 BCE expansion, and an explicit proto-Indo-Anatolian interpretation. | K13: EXPLICIT | L13: EARLIER FORMATION + DIRECT TARGET-PERIOD EXPANSION | M13: YES | N13: ADVANCE | O13: INCLUDE - MIGRATION + LANGUAGE | P13: Full text assessed; use canonical item and keep linguistic model as interdisciplinary interpretation.
... A19: 18 | B19: 6ZNHJTYH | C19: Haak et al. (2015) | D19: UNIQUE | E19: Accessible full text | F19: YES | G19: INCLUDE | H19: Genome-wide data document large migration into Europe from the Eurasian Steppe. | I19: INCLUDE - MIGRATION + LANGUAGE | J19: Abstract directly links Steppe migration evidence to support for a Steppe-origin hypothesis for some Indo-European languages. | K19: EXPLICIT | L19: DIRECT / TARGET PERIOD | M19: YES | N19: ADVANCE | O19: INCLUDE - MIGRATION + LANGUAGE | P19: Full text assessed; the paper explicitly states that aDNA cannot identify spoken language.

Sheet PRISMA Status
A1: PRISMA Stage / Metric | B1: Count | C1: Status | D1: Evidence / Formula | E1: Constraint
A2: Identification - records identified from databases | B2: UNKNOWN | C2: UNRESOLVED | D2: No historical database/export log found | E2: Do not use the Zotero collection count as a substitute
A3: Identification - records identified by other methods | B3: UNKNOWN | C3: UNRESOLVED | D3: No historical source log found | E3: Requires group documentation
A4: Observed Zotero collection records | B4: =COUNTA(Inventory!$H$2:$H$19) -> 18 | C4: OBSERVED | D4: Zotero collection audit | E4: Context only; not necessarily the identification total
A5: Duplicate records removed before screening | B5: =COUNTIF('Screening Decisions'!$D$2:$D$19,"DUPLICATE") -> 1 | C5: COMPLETE FOR COLLECTION | D5: DOI, title, metadata and PDF checksum | E5: Record remains in Zotero but is excluded from screening counts
A6: Unique records after deduplication | B6: =B4-B5 -> 17 | C6: COMPLETE FOR COLLECTION | D6: Observed records minus duplicate excess records | E6: Applies to this Zotero collection only
A7: Titles/abstracts screened | B7: =COUNTIF('Screening Decisions'!$F$2:$F$19,"YES") -> 17 | C7: COMPLETE | D7: Study-level Screening Decisions | E7: All 17 unique records had Zotero abstracts
A8: Group exclusions at title/abstract stage | B8: =COUNTIFS('Screening Decisions'!$F$2:$F$19,"YES",'Screening Decisions'!$G$2:$G$19,"EXCLUDE") -> 0 | C8: COMPLETE | D8: Study-level Screening Decisions | E8: Duplicate is counted under deduplication, not screening exclusion
A9: Group records retained after title/abstract screen | B9: =COUNTIFS('Screening Decisions'!$F$2:$F$19,"YES",'Screening Decisions'!$G$2:$G$19,"INCLUDE") -> 17 | C9: COMPLETE | D9: Study-level Screening Decisions | E9: All 17 unique records remain relevant to at least one group topic
A10: My-section records not advanced to primary full-text eligibility | B10: =COUNTIF('Screening Decisions'!$I$2:$I$19,"BACKGROUND ONLY") -> 2 | C10: COMPLETE | D10: Two background-only records | E10: Background-only is not an overall group exclusion
A11: Reports sought for primary full-text eligibility | B11: =COUNTIF('Screening Decisions'!$N$2:$N$19,"ADVANCE") -> 15 | C11: COMPLETE | D11: 15 records marked ADVANCE | E11: Formal eligibility stage for this section
A12: Reports successfully retrieved | B12: =COUNTA('Evidence Extraction'!$B$2:$B$16) -> 15 | C12: COMPLETE | D12: Accessible local PDFs represented in Evidence Extraction | E12: Retrieved is separate from eligible
A13: Reports not retrieved | B13: =B11-B12 -> 0 | C13: COMPLETE | D13: Reports sought minus reports retrieved | E13: Zero; do not combine with full-text exclusions
A14: Full-text articles assessed for eligibility | B14: =COUNTA('Evidence Extraction'!$B$2:$B$16) -> 15 | C14: COMPLETE | D14: One evidence-extraction row per assessed study | E14: 15 primary candidates
A15: Full-text articles excluded | B15: =COUNTIF('Screening Decisions'!$O$2:$O$19,"EXCLUDE") -> 0 | C15: COMPLETE | D15: Study-level Full-Text Assessment decisions | E15: Zero candidates excluded at this stage
A16: Studies finally included in my section | B16: =COUNTIF('Screening Decisions'!$O$2:$O$19,"INCLUDE - MIGRATION")+COUNTIF('Screening Decisions'!$O$2:$O$19,"INCLUDE - LANGUAGE")+COUNTIF('Screening Decisions'!$O$2:$O$19,"INCLUDE - MIGRATION + LANGUAGE") -> 15 | C16: COMPLETE | D16: Final full-text decisions | E16: 15 primary studies; 2 other group-relevant studies remain background only
A17: Unique studies retained for the overall group review | B17: =COUNTIFS('Screening Decisions'!$F$2:$F$19,"YES",'Screening Decisions'!$G$2:$G$19,"INCLUDE") -> 17 | C17: COMPLETE | D17: Title/abstract group decision | E17: My-section status is not the group status

Sheet Evidence Extraction
A1: Study | B1: Zotero Item Key | C1: DOI | D1: Region | E1: Relevant Populations / Cultures | F1: Sample Dates | G1: Samples / Data | H1: Methods | I1: Direct Genetic Result | J1: Migration Origin | K1: Migration Destination | L1: Route / Pattern | M1: Migration Chronology | N1: Demographic Evidence | O1: Author Migration Interpretation | P1: Language Relevance | Q1: Language Inference | R1: Claim Provenance | S1: Geographic / Chronological Limits | T1: Method / Design Limits | U1: Contribution to Review | V1: Full-Text Decision | W1: Key Pages / Sections | X1: Notes
A2: Wong et al. (2017) | B2: CEFW5MDT | C2: 10.1101/gr.202945.115 | D2: Western Siberia; northeastern Europe; Urals | E2: Mansi, Khanty, Nenets, Selkup and other northern Eurasian groups; published Yamnaya and other ancient comparators | F2: Modern genomes; ancient comparators include Yamnaya (~4.7–5.3 kya) | G2: 28 high-coverage modern genomes from 14 groups, 32 additional modern genomes and 46 published ancient genomes | H2: High-coverage whole-genome sequencing; PCA; TreeMix; D-statistics; admixture modelling | I2: Western Siberian groups, especially Mansi, share excess alleles with ancient eastern Europeans including Yamnaya; western Siberian-related ancestry is also detectable in northeastern Europeans. | J2: Western Siberia / Urals | K2: Northeastern and eastern Europe | L2: Westward gene flow and later contact across northern Eurasia | M2: Authors infer western Siberian input into northeastern Europe before the Yamnaya horizon, probably before ~6.6 kya. | N2: Admixture and allele-sharing; not a directly sampled Yamnaya migration transect | O2: The authors reconstruct deep Siberia–Europe interaction and caution that Mansi are not descendants of Yamnaya. | P2: BACKGROUND | Q2: Late Proto-Indo-European is contextual only; the paper makes no independent linguistic inference. | R2: Genetic statements are direct results plus author demographic interpretation; language is background attributed to cited literature. | S2: Predominantly a northern Eurasian study using modern populations; target-period movement is indirect. | T2: Ancient genomes are published comparators; direction and timing depend on population models and sparse ancient sampling. | U2: Adds contextual evidence that northern Eurasian gene flow pre-dated and overlapped the Yamnaya horizon, qualifying a simple one-way expansion narrative. | V2: INCLUDE - MIGRATION | W2: pp. 1–2, 9–12 | X2: Use as contextual migration evidence, not as a core Yamnaya-route study.
A3: Chintalapati et al. (2022) | B3: EIBGSQF3 | C3: 10.7554/eLife.77625 | D3: Europe and western Asia; 16 regional groupings | E3: Mesolithic, Neolithic, Steppe pastoralist, Yamnaya/Afanasievo-related and later European populations | F3: ~8000–350 BCE | G3: Approximately 1,100 published ancient individuals | H3: DATES ancestry-covariance dating; ancestry source modelling; regional meta-analysis | I3: Admixture-date estimates reconstruct the formation and spread of Steppe pastoralist ancestry; estimated Yamnaya/Afanasievo genetic formation precedes their archaeological appearance by more than a millennium. | J3: Pontic-Caspian Steppe and related eastern sources | K3: Multiple European regions and the Altai | L3: Multi-stage westward and eastward dispersal of Steppe ancestry | M3: Formation before the Yamnaya horizon; major dispersals around and after ~3000 BCE | N3: Dated ancestry mixture and regional shifts | O3: The authors interpret the dated admixture patterns as a reconstruction of major Holocene migrations. | P3: EXPLICIT | Q3: The demographic chronology is presented as relevant to competing models of Indo-European dispersal; DNA does not identify the language spoken. | R3: Admixture dates are direct model outputs; migration and language links are author interpretations. | S3: Very broad spatial and temporal coverage; regional sampling density is uneven and much evidence lies outside 3300–2600 BCE. | T3: DATES approximates pulse admixture; multiple pulses can yield intermediate dates, closely related sources are difficult to separate and low ancestry proportions are uncertain. | U3: Provides a comparative chronology for Steppe-related ancestry formation and its westward/eastward spread. | V3: INCLUDE - MIGRATION + LANGUAGE | W3: pp. 1–6 and regional-results sections | X3: Treat linguistic relevance as interpretation of the demographic timeline.
A4: Wang et al. (2021) | B4: 4IUR2RSU | C4: 10.1038/s41586-021-03336-2 | D4: Mongolia, northern China, Amur region and western China | E4: Yamnaya/Afanasievo-related groups, Chemurchek, Shirenzigou and other ancient East Asian populations | F4: ~6000 BCE–AD 1000 | G4: 166 ancient individuals and 383 present-day individuals from 46 groups | H4: Genome-wide capture / sequencing; PCA; qpWave; qpAdm; qpGraph; ancestry modelling | I4: Afanasievo is genetically very close to Yamnaya; Yamnaya/Afanasievo-related ancestry reached western Mongolia after ~3000 BCE, later declined there and persisted farther west in Xinjiang. | J4: Pontic-Caspian Steppe via Afanasievo-associated eastern groups | K4: Altai, western Mongolia and Xinjiang | L4: Eastward Steppe dispersal with later regional admixture and partial ancestry loss | M4: After ~3000 BCE, with later Bronze and Iron Age continuities | N4: Appearance of Yamnaya/Afanasievo-related ancestry, admixture and regional turnover | O4: The authors interpret the genetic links as evidence for movement of Yamnaya descendants into Inner Asia. | P4: EXPLICIT | Q4: The authors argue that the demographic evidence adds weight to a migration-mediated spread of proto-Tocharian; this remains an interdisciplinary inference. | R4: Ancestry estimates are direct genetic results; the Tocharian link is author interpretation. | S4: East Asian ancient-DNA sampling is uneven, with several small or singleton archaeological groups; most evidence is east of the core Yamnaya zone. | T4: Some qpAdm models are equally plausible and closely related sources can be difficult to distinguish; cultural association does not guarantee matching ancestry. | U4: Supplies the principal eastward case study and an explicit, qualified Tocharian interpretation. | V4: INCLUDE - MIGRATION + LANGUAGE | W4: pp. 1, 4–6 | X4: An Afanasievo-associated child without Yamnaya ancestry illustrates culture–ancestry non-equivalence.
A5: Scorrano et al. (2021) | B5: 24A5ALRY | C5: 10.1080/03014460.2021.1942984 | D5: Central, eastern, western and southern Europe | E5: Yamnaya proxies; Corded Ware; Bell Beaker; Neolithic and Bronze Age Europeans | F5: Late Neolithic to Bronze Age, focused on the third millennium BCE | G5: Published genome-wide and uniparental datasets; mtDNA phylogeny includes 695 samples; analysis-specific sample sizes vary | H5: PCA; qpAdm; outgroup f3; mtDNA and Y-chromosome analysis; autosome-versus-X ancestry comparison | I5: Steppe-related ancestry is highest in several Corded Ware groups and is more strongly male-biased there than in Bell Beaker groups; no comparable significant Steppe input is detected in the pooled mitochondrial gene pool. | J5: Pontic-Caspian Steppe | K5: Primarily central and eastern Europe, with weaker or heterogeneous signals farther west and south | L5: Westward, sex-biased ancestry dispersal followed by regionally variable admixture | M5: Mainly early to middle third millennium BCE | N5: High Steppe ancestry, sex-biased admixture and partial paternal-line replacement | O5: The authors interpret the autosomal, X-chromosomal and uniparental differences as predominantly male-driven migration, especially into Corded Ware groups. | P5: INDIRECT | Q5: The discussion treats Steppe ancestry as compatible with the spread of some Indo-European languages but also notes counterexamples; language is not measured. | R5: Genetic proportions are direct/modelled results; migration and language connections are author interpretation. | S5: Coverage is strongest for central/eastern Europe and varies sharply by regional archaeological group. | T5: Published-data reanalysis; low X-chromosome SNP counts and large standard deviations require caution; Yamnaya Y lineages are an imperfect male-source proxy. | U5: Provides a focused test of sex-biased migration and cautions against assuming the same demographic process across all of Europe. | V5: INCLUDE - MIGRATION | W5: pp. 1–3, 7–9 | X5: Language discussion is secondary and should not change the section classification.
A6: Linderholm et al. (2020) | B6: Z6RYK2BV | C6: 10.1038/s41598-020-63138-w | D6: Southeastern Poland: Rzeszów Foothills, Małopolska Upland and Sokal Ridge | E6: Corded Ware and Bell Beaker individuals; Neolithic local and Steppe-related ancestry components | F6: Late third millennium BCE; individual radiocarbon dates reported | G6: 19 genomes obtained from 53 sampled individuals (16 Corded Ware, 3 Bell Beaker); strontium for 16 individuals | H6: Whole-genome sequencing; PCA and ancestry analysis; mtDNA/Y haplogroups; kinship; strontium isotopes; radiocarbon dating | I6: Corded Ware individuals combine predominantly Steppe-associated paternal ancestry with maternal lineages linked to earlier Neolithic populations; three kin relationships include a local/non-local pair. | J6: Eastern Steppe-related ancestry | K6: Southeastern Poland | L6: Westward ancestry movement followed by local admixture and community-level mobility | M6: Corded Ware dominance after ~2800 BCE; sampled burials lie in the later third millennium BCE | N6: Admixture, sex-biased ancestry, kinship and isotope-based local/non-local mobility | O6: The authors interpret the combined evidence as a complex, regionally specific Corded Ware community rather than a homogeneous migrant population. | P6: INDIRECT | Q6: Linguistic change is mentioned as part of the broader third-millennium transition; no independent language analysis is performed. | R6: Genomic and isotope observations are direct results; wider migration and language statements are author interpretation/background. | S6: A single regional transect in southeastern Poland cannot represent all Corded Ware populations. | T6: Small sample size and uneven genome coverage (~0.02× to 5.47×); isotope baselines and cultural labels constrain mobility interpretation. | U6: Adds fine-scale evidence for sex-biased ancestry, local admixture and mobility within a Corded Ware community. | V6: INCLUDE - MIGRATION | W6: pp. 1–4 and Results/Discussion | X6: Useful for qualifying continent-wide replacement models with community-level complexity.
A7: Tassi et al. (2017) | B7: Q2Y9FLYQ | C7: 10.1098/rspb.2017.1540 | D7: Kierzkowo, northwestern Poland; central European comparison | E7: Globular Amphorae culture, earlier Neolithic farmers, Yamnaya/Steppe-related groups and Corded Ware | F7: GAC context before the main Steppe expansion, approximately 3400/3100–2800 BCE | G7: Six individuals with nuclear data at 597,573 SNPs and 11 complete Neolithic mitochondrial sequences | H7: Genome-wide comparison; PCA and allele-sharing statistics; mitochondrial analysis; approximate Bayesian computation of alternative demographic models | I7: Sampled GAC individuals are closer to earlier Neolithic groups than to populations related to Pontic-Steppe migration and lack the expected Yamnaya-derived profile. | J7: No supported Yamnaya-derived origin for the sampled GAC group | K7: Northwestern Poland / central Europe | L7: Local genetic continuity with eastern cultural influence, before later Steppe gene flow | M7: Immediately before and overlapping the start of the target period | N7: Continuity and absence of expected Steppe ancestry; later gene flow is not rejected | O7: The authors interpret GAC eastern archaeological affinities as cultural influence rather than movement of Steppe people. | P7: EXPLICIT | Q7: The study tests demographic expectations of Steppe/Kurgan and Anatolian language-dispersal models and stresses that language change need not track migration exactly. | R7: Genetic model comparison is direct; implications for Indo-European dispersal are author interpretation. | S7: One burial context in northwestern Poland and a small number of individuals limit geographic generalization. | T7: Small sample; preservation and sample-selection losses; demographic conclusions depend on the compared models and reference populations. | U7: Provides a negative/qualifying case showing that archaeological eastern affinity need not imply Steppe migration or linguistic identity. | V7: INCLUDE - MIGRATION + LANGUAGE | W7: pp. 1–4, 6–8 | X7: Use to separate cultural transmission from demic diffusion.
A8: Ringbauer et al. (2024) | B8: MVP4P8Z2 | C8: 10.1038/s41588-023-01582-w | D8: Eurasia, with a focused Corded Ware–Yamnaya analysis | E8: Yamnaya, Corded Ware, Globular Amphora and other Eneolithic/Bronze Age groups | F8: Broad ancient dataset; relevant Corded Ware interval ~3000–2400 BCE | G8: 4,248 ancient Eurasian individuals | H8: ancIBD hidden Markov model; GLIMPSE imputation/phasing; identity-by-descent segment analysis | I8: Corded Ware groups share long IBD segments, including segments up to 20 cM, with multiple Yamnaya groups; most Corded Ware ancestry has genealogical links to Yamnaya within at most a few hundred years, alongside a substantial GAC-related component. | J8: Pontic-Caspian Steppe plus eastern European GAC-related ancestry | K8: Eastern, central and northern European Corded Ware groups | L8: Rapid, connected westward/northward dispersal followed by admixture | M8: Gene flow beginning around 3000 BCE; relationships span only a few hundred years | N8: Recent co-ancestry, direct genealogical links and admixture | O8: The authors interpret long IBD sharing as inconsistent with a remote unsampled Steppe-like source separated from Yamnaya by about a millennium. | P8: INDIRECT | Q8: The study provides a demographic mechanism relevant to language spread but makes no independent claim about which language sampled people spoke. | R8: IBD segments are direct model outputs; migration is author interpretation; any linguistic use is later synthesis. | S8: Results depend on which ancient individuals pass coverage thresholds and on uneven archaeological sampling. | T8: Reliable detection is mainly for segments >8 cM and adequate coverage; SNP density, low coverage, imputation and false positives limit shorter-segment inference. | U8: Strengthens the immediate genealogical connection between Yamnaya and diverse Corded Ware populations. | V8: INCLUDE - MIGRATION | W8: pp. 1, 5, 7–8 | X8: No independent linguistic evidence.
A9: Dzhaubermezov et al. (2026) | B9: 8LBVFX2C | C9: 10.1016/j.biosystems.2026.105906 | D9: North and South Caucasus | E9: Caucasus hunter-gatherers, Maykop, Yamnaya, Catacomb, Kura-Araxes and later Caucasus populations | F9: ~50,000 BCE–AD 1914; Bronze Age evidence is the relevant subset | G9: 669 ancient individuals compiled; 565 ancient Caucasus individuals retained for PCA after quality control; modern comparators also used | H9: Systematic synthesis of published datasets; quality-controlled pooled reanalysis; PCA; D-statistics; relatedness screening | I9: The pooled data show early north–south differentiation, Bronze Age Steppe-related gene flow associated with Yamnaya and later admixture alongside substantial regional continuity. | J9: Eurasian Steppe and eastern Europe | K9: Caucasus populations | L9: Corridor-like, bidirectional interaction across and around the Caucasus | M9: Long-term prehistory; Yamnaya-linked signal concentrated in the Bronze Age | N9: Gene flow, admixture, differentiation and continuity | O9: The authors synthesize the Caucasus as both a barrier and migration corridor involved in the ancestry of Steppe pastoralist societies. | P9: BACKGROUND | Q9: Proto-Indo-Anatolian and language–genetics links are largely attributed to recent cited studies rather than independently tested. | R9: Pooled genetic patterns are reanalysis results; many detailed migration and language claims are synthesis or attribution to source studies. | S9: Extremely broad chronology; early North Caucasus and late historical sampling gaps; Bronze Age findings must be isolated from later continuity. | T9: Secondary data vary in coverage, laboratory pipelines and sampling; pooled PCA is descriptive; source-study overlap risks double counting. | U9: Provides Caucasus corridor context and a secondary cross-study check on Steppe-related gene flow. | V9: INCLUDE - MIGRATION | W9: pp. 1–4 and Bronze Age/Conclusion sections | X9: Zotero issue-date metadata is later than the audit date and remains flagged for citation verification.
A10: Lazaridis et al. (2025) | B10: KZVYLCU9 | C10: 10.1038/s41586-024-08531-5 | D10: Caucasus–Lower Volga, Volga, Dnipro, Pontic-Caspian Steppe and southeast Europe | E10: Caucasus–Lower Volga cline, Volga cline, Dnipro cline, Serednii Stih, Yamnaya, Corded Ware and Anatolian-related groups | F10: ~6400–2000 BCE | G10: 435 individuals (367 newly reported plus 68 with improved data); 803 libraries screened | H10: Genome-wide ancient DNA; PCA; qpWave/qpAdm competition framework; admixture dating; IBD and haplogroup analyses | I10: Caucasus–Lower Volga ancestry moved west and mixed with Dnipro/Don hunter-gatherer ancestry, contributing about four-fifths of Yamnaya ancestry; a Core Yamnaya population formed by ~4000 BCE and expanded rapidly after ~3300 BCE. | J10: Caucasus–Lower Volga and lower Dnipro/Don interaction zone | K10: Pontic-Caspian Steppe, Danube corridor, southeastern Europe and east to Kazakhstan | L10: Multi-stage formation followed by rapid westward and eastward expansion | M10: Precursors ~4500–4000 BCE; Yamnaya expansion after ~3300 BCE | N10: Admixture, ancestry clines, rapid demographic expansion and later local admixture | O10: The authors propose a lower Dnipro/Don-centred formation process and a rapid Yamnaya expansion, while acknowledging unresolved core geography. | P10: EXPLICIT | Q10: The authors propose proto-Indo-Anatolian unity among Caucasus–Lower Volga populations before Yamnaya formation and link later dispersals to language branching. | R10: Ancestry models are direct genetic results; migration routes and proto-Indo-Anatolian reconstruction are interdisciplinary author interpretations. | S10: More than 80% of the study samples are from Russia; lower Volga precursors and some proposed routes remain sparsely sampled. | T10: An unsampled CHG-related source is required in models; precise Anatolian route/source and Core Yamnaya location cannot be fixed conclusively. | U10: Provides the central formation-and-expansion model and the collection's strongest explicit genetics–language synthesis. | V10: INCLUDE - MIGRATION + LANGUAGE | W10: pp. 1–7 | X10: Use the canonical Zotero item; DHIHCURJ is an exact duplicate.
A11: Nikitin et al. (2025) | B11: 9DJYHJ7E | C11: 10.1038/s41586-024-08372-2 | D11: North Pontic region, especially present-day Ukraine | E11: North Pontic foragers, Trypillian farmers, Usatove, Serednii Stih and Yamna | F11: Neolithic to Early Bronze Age; key interval ~4500–3300 BCE | G11: 81 prehistoric North Pontic individuals; 51 direct radiocarbon dates; co-analysis with the companion Steppe dataset | H11: Genome-wide ancient DNA; PCA; qpAdm/ancestry modelling; radiocarbon and isotope context | I11: Three ancestry-bearing movements are resolved: Caucasus–Lower Volga migrants mixing with Trypillians to form Usatove, a parallel mixture with foragers forming Serednii Stih, and Yamna descent from Serednii Stih with expansion from ~3300 BCE. | J11: Caucasus–Lower Volga and North Pontic interaction zones | K11: Usatove/North Pontic sites and then wider Eurasia | L11: Successive westward/local mixtures followed by Yamna expansion | M11: ~4500 BCE, ~4000 BCE formation, and ~3300 BCE expansion | N11: Admixture, ancestry replacement and repeated incorporation of outsiders | O11: The authors interpret the three waves as a flexible demographic strategy underlying Yamna success and expansion. | P11: INDIRECT | Q11: Indo-European dispersal is contextual; the paper reconstructs a plausible population mechanism but does not directly identify language. | R11: Genetic mixtures are direct/modelled results; migration-wave framing is author interpretation; language link is contextual. | S11: Concentrated in the North Pontic region and dependent on site availability; the wider Eurasian expansion is inferred using companion data. | T11: Some proximate ancestry sources remain unclear; uneven earlier sampling and model dependence limit fine-scale route certainty. | U11: Supplies high-resolution evidence for Yamnaya formation immediately before, and expansion at the start of, the target period. | V11: INCLUDE - MIGRATION | W11: pp. 1–4 and Discussion | X11: Mykhailivka individual (3635–3383 BCE) bridges the Serednii Stih–Yamna temporal gap.
A12: Papac et al. (2021) | B12: U92TYDRN | C12: 10.1126/sciadv.abi6941 | D12: Bohemia, central Europe | E12: Pre-Corded Ware groups, Corded Ware, Bell Beaker and Únětice populations | F12: ~4900–1600 BCE; key evidence ~2900–2400 BCE | G12: 271 ancient human genomes | H12: Genome-wide ancient DNA; PCA; f-statistics/qpAdm; haplogroups; kinship and temporal population modelling | I12: Corded Ware appears by ~2900 BCE with high but heterogeneous Steppe ancestry not wholly derived from sampled Yamnaya; diverse females were assimilated, followed by sharp Y-chromosome changes around 2600 and 2400 BCE and later ≥40% turnover. | J12: Eastern Steppe-related sources and local central European groups | K12: Bohemia | L12: Westward arrival followed by local assimilation and repeated social/genetic reorganization | M12: ~2900 BCE arrival; transformations around 2600 and 2400 BCE; later Bronze Age turnover | N12: Migration, admixture, sex-biased incorporation and partial population replacement | O12: The authors interpret the Bohemian transect as evidence for multiple migrations and changing social structures, not a single homogeneous replacement. | P12: INDIRECT | Q12: The population movements could carry language, but the study does not independently determine linguistic identity. | R12: Genetic changes are direct/modelled results; migration and social implications are author interpretation; any language connection is later synthesis. | S12: One central-European region; later 2400 BCE and Bronze Age evidence lies outside the primary 3300–2600 BCE interval. | T12: Archaeological culture labels may not represent unified social entities; source populations remain partly unsampled and ancestry models are proxy-dependent. | U12: Provides a regional time transect that qualifies simple mass-replacement and single-source accounts. | V12: INCLUDE - MIGRATION | W12: pp. 1–6 | X12: Clearly label post-2600 BCE results as later consequences.
... A16: Haak et al. (2015) | B16: 6ZNHJTYH | C16: 10.1038/nature14317 | D16: Central and northern Europe with Yamnaya samples from Samara | E16: Yamnaya, Corded Ware, Late Neolithic/Early Bronze Age Europeans and earlier farmers/hunter-gatherers | F16: Mainly ~6000–1000 BCE; key Yamnaya/Corded Ware comparison ~3300–2500 BCE | G16: 69 newly analysed ancient Europeans (94 libraries); combined analysis includes 25 previously published ancient individuals | H16: 390,000-SNP capture; PCA; ADMIXTURE; f3/f4 statistics; ancestry modelling; mtDNA and Y haplogroups | I16: German Corded Ware individuals derive roughly three-quarters of their ancestry from a Yamnaya-related source, indicating a rapid and large population influx from the eastern Steppe around the early third millennium BCE. | J16: Pontic-Caspian Steppe / Samara-related source | K16: Central Europe and farther west/north | L16: Rapid westward migration and admixture with local Neolithic populations | M16: Approximately 3000–2500 BCE | N16: Large ancestry turnover, admixture and participation of both sexes | O16: The authors interpret the ancestry shift as evidence for a major migration from the Steppe into central Europe. | P16: EXPLICIT | Q16: The demographic migration is presented as supporting a Steppe-origin model for at least some Indo-European languages; the paper explicitly notes that ancient DNA is silent on language itself. | R16: Ancestry proportions are direct/modelled results; the Indo-European connection is author interpretation. | S16: Samara Yamnaya may not be the direct source population; southern-European and Asian language histories are not resolved. | T16: Small group sizes, uneven coverage and proxy-source choice limit exact route and ancestry estimates. | U16: Foundational evidence for large-scale westward Steppe migration and a carefully qualified demographic–linguistic interpretation. | V16: INCLUDE - MIGRATION + LANGUAGE | W16: pp. 1–4 | X16: Preserve the authors' explicit statement that DNA cannot reveal spoken language.

Sheet Synthesis Table
A1: Study | B1: Analytical Theme | C1: Analytical Role | D1: Region | E1: Date / Samples | F1: Methods | G1: Genetic / Demographic Result | H1: Migration Evidence | I1: Route / Pattern | J1: Connected Populations | K1: Migration Chronology | L1: Language Relevance | M1: Language Interpretation | N1: Main Interpretation | O1: Limitations | P1: Contribution to Review | Q1: Zotero Item Key | R1: Evidence Pointer
A2: ='Evidence Extraction'!A10 -> Lazaridis et al. (2025) | B2: Yamnaya formation and launch | C2: CORE | D2: ='Evidence Extraction'!D10 -> Caucasus–Lower Volga, Volga, Dnipro, Pontic-Caspian Steppe and southeast Europe | E2: ='Evidence Extraction'!F10&" | "&'Evidence Extraction'!G10 -> ~6400–2000 BCE | 435 individuals (367 newly reported plus 68 with improved data); 803 libraries screened | F2: ='Evidence Extraction'!H10 -> Genome-wide ancient DNA; PCA; qpWave/qpAdm competition framework; admixture dating; IBD and haplogroup analyses | G2: ='Evidence Extraction'!I10 -> Caucasus–Lower Volga ancestry moved west and mixed with Dnipro/Don hunter-gatherer ancestry, contributing about four-fifths of Yamnaya ancestry; a Core Yamnaya population formed by ~4000 BCE and expanded rapidly after ~3300 BCE. | H2: CLV ancestry moved west and mixed with Dnipro/Don-related ancestry to form the dominant ancestry of Yamnaya; expansion follows at about 3300 BCE. | I2: ='Evidence Extraction'!L10 -> Multi-stage formation followed by rapid westward and eastward expansion | J2: ='Evidence Extraction'!E10 -> Caucasus–Lower Volga cline, Volga cline, Dnipro cline, Serednii Stih, Yamnaya, Corded Ware and Anatolian-related groups | K2: ='Evidence Extraction'!M10 -> Precursors ~4500–4000 BCE; Yamnaya expansion after ~3300 BCE | L2: ='Evidence Extraction'!P10 -> EXPLICIT | M2: ='Evidence Extraction'!Q10 -> The authors propose proto-Indo-Anatolian unity among Caucasus–Lower Volga populations before Yamnaya formation and link later dispersals to language branching. | N2: ='Evidence Extraction'!O10 -> The authors propose a lower Dnipro/Don-centred formation process and a rapid Yamnaya expansion, while acknowledging unresolved core geography. | O2: ='Evidence Extraction'!S10&" | "&'Evidence Extraction'!T10 -> More than 80% of the study samples are from Russia; lower Volga precursors and some proposed routes remain sparsely sampled. | An unsampled CHG-related source is required in models; precise Anatolian route/source and Core Yamnaya location cannot be fixed conclusively. | P2: ='Evidence Extraction'!U10 -> Provides the central formation-and-expansion model and the collection's strongest explicit genetics–language synthesis. | Q2: ='Evidence Extraction'!B10 -> KZVYLCU9 | R2: ="Evidence Extraction row 10; "&'Evidence Extraction'!W10 -> Evidence Extraction row 10; pp. 1–7
A3: ='Evidence Extraction'!A11 -> Nikitin et al. (2025) | B3: Yamnaya formation and launch | C3: CORE | D3: ='Evidence Extraction'!D11 -> North Pontic region, especially present-day Ukraine | E3: ='Evidence Extraction'!F11&" | "&'Evidence Extraction'!G11 -> Neolithic to Early Bronze Age; key interval ~4500–3300 BCE | 81 prehistoric North Pontic individuals; 51 direct radiocarbon dates; co-analysis with the companion Steppe dataset | F3: ='Evidence Extraction'!H11 -> Genome-wide ancient DNA; PCA; qpAdm/ancestry modelling; radiocarbon and isotope context | G3: ='Evidence Extraction'!I11 -> Three ancestry-bearing movements are resolved: Caucasus–Lower Volga migrants mixing with Trypillians to form Usatove, a parallel mixture with foragers forming Serednii Stih, and Yamna descent from Serednii Stih with expansion from ~3300 BCE. | H3: Three successive migration/admixture waves connect CLV migrants, Usatove, Serednii Stih and the eventual Yamna expansion. | I3: ='Evidence Extraction'!L11 -> Successive westward/local mixtures followed by Yamna expansion | J3: ='Evidence Extraction'!E11 -> North Pontic foragers, Trypillian farmers, Usatove, Serednii Stih and Yamna | K3: ='Evidence Extraction'!M11 -> ~4500 BCE, ~4000 BCE formation, and ~3300 BCE expansion | L3: ='Evidence Extraction'!P11 -> INDIRECT | M3: ='Evidence Extraction'!Q11 -> Indo-European dispersal is contextual; the paper reconstructs a plausible population mechanism but does not directly identify language. | N3: ='Evidence Extraction'!O11 -> The authors interpret the three waves as a flexible demographic strategy underlying Yamna success and expansion. | O3: ='Evidence Extraction'!S11&" | "&'Evidence Extraction'!T11 -> Concentrated in the North Pontic region and dependent on site availability; the wider Eurasian expansion is inferred using companion data. | Some proximate ancestry sources remain unclear; uneven earlier sampling and model dependence limit fine-scale route certainty. | P3: ='Evidence Extraction'!U11 -> Supplies high-resolution evidence for Yamnaya formation immediately before, and expansion at the start of, the target period. | Q3: ='Evidence Extraction'!B11 -> 9DJYHJ7E | R3: ="Evidence Extraction row 11; "&'Evidence Extraction'!W11 -> Evidence Extraction row 11; pp. 1–4 and Discussion
A4: ='Evidence Extraction'!A3 -> Chintalapati et al. (2022) | B4: Migration chronology | C4: CHRONOLOGICAL FRAMEWORK | D4: ='Evidence Extraction'!D3 -> Europe and western Asia; 16 regional groupings | E4: ='Evidence Extraction'!F3&" | "&'Evidence Extraction'!G3 -> ~8000–350 BCE | Approximately 1,100 published ancient individuals | F4: ='Evidence Extraction'!H3 -> DATES ancestry-covariance dating; ancestry source modelling; regional meta-analysis | G4: ='Evidence Extraction'!I3 -> Admixture-date estimates reconstruct the formation and spread of Steppe pastoralist ancestry; estimated Yamnaya/Afanasievo genetic formation precedes their archaeological appearance by more than a millennium. | H4: Cross-regional admixture dates place Steppe-ancestry formation before the archaeological Yamnaya horizon and dispersal around/after 3000 BCE. | I4: ='Evidence Extraction'!L3 -> Multi-stage westward and eastward dispersal of Steppe ancestry | J4: ='Evidence Extraction'!E3 -> Mesolithic, Neolithic, Steppe pastoralist, Yamnaya/Afanasievo-related and later European populations | K4: ='Evidence Extraction'!M3 -> Formation before the Yamnaya horizon; major dispersals around and after ~3000 BCE | L4: ='Evidence Extraction'!P3 -> EXPLICIT | M4: ='Evidence Extraction'!Q3 -> The demographic chronology is presented as relevant to competing models of Indo-European dispersal; DNA does not identify the language spoken. | N4: ='Evidence Extraction'!O3 -> The authors interpret the dated admixture patterns as a reconstruction of major Holocene migrations. | O4: ='Evidence Extraction'!S3&" | "&'Evidence Extraction'!T3 -> Very broad spatial and temporal coverage; regional sampling density is uneven and much evidence lies outside 3300–2600 BCE. | DATES approximates pulse admixture; multiple pulses can yield intermediate dates, closely related sources are difficult to separate and low ancestry proportions are uncertain. | P4: ='Evidence Extraction'!U3 -> Provides a comparative chronology for Steppe-related ancestry formation and its westward/eastward spread. | Q4: ='Evidence Extraction'!B3 -> EIBGSQF3 | R4: ="Evidence Extraction row 3; "&'Evidence Extraction'!W3 -> Evidence Extraction row 3; pp. 1–6 and regional-results sections
A5: ='Evidence Extraction'!A13 -> Mathieson et al. (2018) | B5: Pre-expansion contact | C5: CHRONOLOGICAL CONTEXT | D5: ='Evidence Extraction'!D13 -> Balkan Peninsula, Carpathian Basin, North Pontic Steppe and surrounding southeastern Europe | E5: ='Evidence Extraction'!F13&" | "&'Evidence Extraction'!G13 -> ~12,000–500 BCE; relevant Steppe contacts extend into the fourth and third millennia BCE | 225 ancient individuals (215 newly reported); 216 retained for population analysis after exclusions | F5: ='Evidence Extraction'!H13 -> 1.24-million-SNP capture; PCA; supervised/unsupervised ADMIXTURE; D-statistics; qpAdm; qpGraph; 137 new radiocarbon dates | G5: ='Evidence Extraction'!I13 -> Intermittent genetic contact between southeastern Europe and Steppe populations occurred up to ~2,000 years before the large Steppe migrations; the dataset also documents early stages of Steppe ancestry formation and later ancestry replacement. | H5: Southeastern Europe shows repeated Steppe contact long before the later large-scale third-millennium movements. | I5: ='Evidence Extraction'!L13 -> Repeated east–west contact preceding larger third-millennium migration | J5: ='Evidence Extraction'!E13 -> Hunter-gatherers, Neolithic farmers, Eneolithic groups and Yamnaya-related Steppe populations | K5: ='Evidence Extraction'!M13 -> Early contacts before 4000 BCE; major later movements around and after 3000 BCE | L5: ='Evidence Extraction'!P13 -> INDIRECT | M5: ='Evidence Extraction'!Q13 -> The study supplies demographic context relevant to language-spread models but does not make language an empirical outcome. | N5: ='Evidence Extraction'!O13 -> The authors interpret southeastern Europe as a long-term east–west nexus rather than a corridor activated only by the Yamnaya expansion. | O5: ='Evidence Extraction'!S13&" | "&'Evidence Extraction'!T13 -> Chronology is extremely broad and much evidence predates or postdates 3300–2600 BCE; relevant subsets must be isolated. | Uneven preservation and coverage, thresholds for analysed individuals and proxy-based ancestry models constrain fine-scale conclusions. | P5: ='Evidence Extraction'!U13 -> Shows that Yamnaya-era movement emerged from a longer history of Steppe–southeastern European contact. | Q5: ='Evidence Extraction'!B13 -> TTSVUEKS | R5: ="Evidence Extraction row 13; "&'Evidence Extraction'!W13 -> Evidence Extraction row 13; pp. 1–4 and Steppe-contact sections
A6: ='Evidence Extraction'!A16 -> Haak et al. (2015) | B6: Westward expansion | C6: CORE | D6: ='Evidence Extraction'!D16 -> Central and northern Europe with Yamnaya samples from Samara | E6: ='Evidence Extraction'!F16&" | "&'Evidence Extraction'!G16 -> Mainly ~6000–1000 BCE; key Yamnaya/Corded Ware comparison ~3300–2500 BCE | 69 newly analysed ancient Europeans (94 libraries); combined analysis includes 25 previously published ancient individuals | F6: ='Evidence Extraction'!H16 -> 390,000-SNP capture; PCA; ADMIXTURE; f3/f4 statistics; ancestry modelling; mtDNA and Y haplogroups | G6: ='Evidence Extraction'!I16 -> German Corded Ware individuals derive roughly three-quarters of their ancestry from a Yamnaya-related source, indicating a rapid and large population influx from the eastern Steppe around the early third millennium BCE. | H6: A major Yamnaya-related ancestry influx accounts for roughly three-quarters of German Corded Ware ancestry and indicates rapid migration into central Europe. | I6: ='Evidence Extraction'!L16 -> Rapid westward migration and admixture with local Neolithic populations | J6: ='Evidence Extraction'!E16 -> Yamnaya, Corded Ware, Late Neolithic/Early Bronze Age Europeans and earlier farmers/hunter-gatherers | K6: ='Evidence Extraction'!M16 -> Approximately 3000–2500 BCE | L6: ='Evidence Extraction'!P16 -> EXPLICIT | M6: ='Evidence Extraction'!Q16 -> The demographic migration is presented as supporting a Steppe-origin model for at least some Indo-European languages; the paper explicitly notes that ancient DNA is silent on language itself. | N6: ='Evidence Extraction'!O16 -> The authors interpret the ancestry shift as evidence for a major migration from the Steppe into central Europe. | O6: ='Evidence Extraction'!S16&" | "&'Evidence Extraction'!T16 -> Samara Yamnaya may not be the direct source population; southern-European and Asian language histories are not resolved. | Small group sizes, uneven coverage and proxy-source choice limit exact route and ancestry estimates. | P6: ='Evidence Extraction'!U16 -> Foundational evidence for large-scale westward Steppe migration and a carefully qualified demographic–linguistic interpretation. | Q6: ='Evidence Extraction'!B16 -> 6ZNHJTYH | R6: ="Evidence Extraction row 16; "&'Evidence Extraction'!W16 -> Evidence Extraction row 16; pp. 1–4
A7: ='Evidence Extraction'!A15 -> Allentoft et al. (2015) | B7: Bidirectional expansion | C7: CORE | D7: ='Evidence Extraction'!D15 -> Europe and central Asia | E7: ='Evidence Extraction'!F15&" | "&'Evidence Extraction'!G15 -> Broadly ~3000–1000 BCE, with relevant early Bronze Age samples | 101 low-coverage ancient Eurasian genomes; 19 exceed 1× average coverage | F7: ='Evidence Extraction'!H15 -> Low-coverage whole-genome sequencing; PCA; ADMIXTURE; f-statistics; genomic-distance and haplogroup analysis | G7: ='Evidence Extraction'!I15 -> Corded Ware groups show substantial Yamnaya-related ancestry, while Afanasievo individuals in the Altai are genetically close to Yamnaya, documenting both westward and eastward Steppe-associated dispersals. | H7: Yamnaya-related ancestry connects Corded Ware westward and Afanasievo eastward, establishing a Eurasia-wide expansion pattern. | I7: ='Evidence Extraction'!L15 -> Large-scale bidirectional expansion followed by mixture and regional replacement | J7: ='Evidence Extraction'!E15 -> Yamnaya, Corded Ware, Afanasievo and other Bronze Age Eurasian groups | K7: ='Evidence Extraction'!M15 -> Early third millennium BCE and later Bronze Age consequences | L7: ='Evidence Extraction'!P15 -> EXPLICIT | M7: ='Evidence Extraction'!Q15 -> The demographic findings are described as consistent with a hypothesized Early Bronze Age spread of Indo-European languages, not as proof of speech. | N7: ='Evidence Extraction'!O15 -> The authors interpret the genomic transformations as large-scale migrations that reshaped Bronze Age Eurasia. | O7: ='Evidence Extraction'!S15&" | "&'Evidence Extraction'!T15 -> Eurasia-wide scope and broad chronology reduce fine regional resolution; several archaeological groups have few individuals. | Low and uneven genome coverage; source populations are proxies and cultural labels may encompass heterogeneous populations. | P7: ='Evidence Extraction'!U15 -> Foundational evidence for both westward Corded Ware-related and eastward Afanasievo-related dispersals. | Q7: ='Evidence Extraction'!B15 -> B2PLN5IB | R7: ="Evidence Extraction row 15; "&'Evidence Extraction'!W15 -> Evidence Extraction row 15; pp. 1–5
A8: ='Evidence Extraction'!A8 -> Ringbauer et al. (2024) | B8: Westward expansion | C8: CORE | D8: ='Evidence Extraction'!D8 -> Eurasia, with a focused Corded Ware–Yamnaya analysis | E8: ='Evidence Extraction'!F8&" | "&'Evidence Extraction'!G8 -> Broad ancient dataset; relevant Corded Ware interval ~3000–2400 BCE | 4,248 ancient Eurasian individuals | F8: ='Evidence Extraction'!H8 -> ancIBD hidden Markov model; GLIMPSE imputation/phasing; identity-by-descent segment analysis | G8: ='Evidence Extraction'!I8 -> Corded Ware groups share long IBD segments, including segments up to 20 cM, with multiple Yamnaya groups; most Corded Ware ancestry has genealogical links to Yamnaya within at most a few hundred years, alongside a substantial GAC-related component. | H8: Long IBD segments provide recent genealogical links between Yamnaya and diverse Corded Ware groups within only a few hundred years. | I8: ='Evidence Extraction'!L8 -> Rapid, connected westward/northward dispersal followed by admixture | J8: ='Evidence Extraction'!E8 -> Yamnaya, Corded Ware, Globular Amphora and other Eneolithic/Bronze Age groups | K8: ='Evidence Extraction'!M8 -> Gene flow beginning around 3000 BCE; relationships span only a few hundred years | L8: ='Evidence Extraction'!P8 -> INDIRECT | M8: ='Evidence Extraction'!Q8 -> The study provides a demographic mechanism relevant to language spread but makes no independent claim about which language sampled people spoke. | N8: ='Evidence Extraction'!O8 -> The authors interpret long IBD sharing as inconsistent with a remote unsampled Steppe-like source separated from Yamnaya by about a millennium. | O8: ='Evidence Extraction'!S8&" | "&'Evidence Extraction'!T8 -> Results depend on which ancient individuals pass coverage thresholds and on uneven archaeological sampling. | Reliable detection is mainly for segments >8 cM and adequate coverage; SNP density, low coverage, imputation and false positives limit shorter-segment inference. | P8: ='Evidence Extraction'!U8 -> Strengthens the immediate genealogical connection between Yamnaya and diverse Corded Ware populations. | Q8: ='Evidence Extraction'!B8 -> MVP4P8Z2 | R8: ="Evidence Extraction row 8; "&'Evidence Extraction'!W8 -> Evidence Extraction row 8; pp. 1, 5, 7–8
A9: ='Evidence Extraction'!A12 -> Papac et al. (2021) | B9: Regional transformation | C9: REGIONAL QUALIFIER | D9: ='Evidence Extraction'!D12 -> Bohemia, central Europe | E9: ='Evidence Extraction'!F12&" | "&'Evidence Extraction'!G12 -> ~4900–1600 BCE; key evidence ~2900–2400 BCE | 271 ancient human genomes | F9: ='Evidence Extraction'!H12 -> Genome-wide ancient DNA; PCA; f-statistics/qpAdm; haplogroups; kinship and temporal population modelling | G9: ='Evidence Extraction'!I12 -> Corded Ware appears by ~2900 BCE with high but heterogeneous Steppe ancestry not wholly derived from sampled Yamnaya; diverse females were assimilated, followed by sharp Y-chromosome changes around 2600 and 2400 BCE and later ≥40% turnover. | H9: Bohemia records Steppe-ancestry arrival followed by female assimilation and repeated Y-chromosome and population turnover rather than one uniform replacement. | I9: ='Evidence Extraction'!L12 -> Westward arrival followed by local assimilation and repeated social/genetic reorganization | J9: ='Evidence Extraction'!E12 -> Pre-Corded Ware groups, Corded Ware, Bell Beaker and Únětice populations | K9: ='Evidence Extraction'!M12 -> ~2900 BCE arrival; transformations around 2600 and 2400 BCE; later Bronze Age turnover | L9: ='Evidence Extraction'!P12 -> INDIRECT | M9: ='Evidence Extraction'!Q12 -> The population movements could carry language, but the study does not independently determine linguistic identity. | N9: ='Evidence Extraction'!O12 -> The authors interpret the Bohemian transect as evidence for multiple migrations and changing social structures, not a single homogeneous replacement. | O9: ='Evidence Extraction'!S12&" | "&'Evidence Extraction'!T12 -> One central-European region; later 2400 BCE and Bronze Age evidence lies outside the primary 3300–2600 BCE interval. | Archaeological culture labels may not represent unified social entities; source populations remain partly unsampled and ancestry models are proxy-dependent. | P9: ='Evidence Extraction'!U12 -> Provides a regional time transect that qualifies simple mass-replacement and single-source accounts. | Q9: ='Evidence Extraction'!B12 -> U92TYDRN | R9: ="Evidence Extraction row 12; "&'Evidence Extraction'!W12 -> Evidence Extraction row 12; pp. 1–6
A10: ='Evidence Extraction'!A6 -> Linderholm et al. (2020) | B10: Local mobility and admixture | C10: REGIONAL QUALIFIER | D10: ='Evidence Extraction'!D6 -> Southeastern Poland: Rzeszów Foothills, Małopolska Upland and Sokal Ridge | E10: ='Evidence Extraction'!F6&" | "&'Evidence Extraction'!G6 -> Late third millennium BCE; individual radiocarbon dates reported | 19 genomes obtained from 53 sampled individuals (16 Corded Ware, 3 Bell Beaker); strontium for 16 individuals | F10: ='Evidence Extraction'!H6 -> Whole-genome sequencing; PCA and ancestry analysis; mtDNA/Y haplogroups; kinship; strontium isotopes; radiocarbon dating | G10: ='Evidence Extraction'!I6 -> Corded Ware individuals combine predominantly Steppe-associated paternal ancestry with maternal lineages linked to earlier Neolithic populations; three kin relationships include a local/non-local pair. | H10: Southeastern Polish Corded Ware communities combine Steppe-associated paternal ancestry, local maternal ancestry and local/non-local kinship. | I10: ='Evidence Extraction'!L6 -> Westward ancestry movement followed by local admixture and community-level mobility | J10: ='Evidence Extraction'!E6 -> Corded Ware and Bell Beaker individuals; Neolithic local and Steppe-related ancestry components | K10: ='Evidence Extraction'!M6 -> Corded Ware dominance after ~2800 BCE; sampled burials lie in the later third millennium BCE | L10: ='Evidence Extraction'!P6 -> INDIRECT | M10: ='Evidence Extraction'!Q6 -> Linguistic change is mentioned as part of the broader third-millennium transition; no independent language analysis is performed. | N10: ='Evidence Extraction'!O6 -> The authors interpret the combined evidence as a complex, regionally specific Corded Ware community rather than a homogeneous migrant population. | O10: ='Evidence Extraction'!S6&" | "&'Evidence Extraction'!T6 -> A single regional transect in southeastern Poland cannot represent all Corded Ware populations. | Small sample size and uneven genome coverage (~0.02× to 5.47×); isotope baselines and cultural labels constrain mobility interpretation. | P10: ='Evidence Extraction'!U6 -> Adds fine-scale evidence for sex-biased ancestry, local admixture and mobility within a Corded Ware community. | Q10: ='Evidence Extraction'!B6 -> Z6RYK2BV | R10: ="Evidence Extraction row 6; "&'Evidence Extraction'!W6 -> Evidence Extraction row 6; pp. 1–4 and Results/Discussion
A11: ='Evidence Extraction'!A5 -> Scorrano et al. (2021) | B11: Sex-biased migration | C11: REGIONAL QUALIFIER | D11: ='Evidence Extraction'!D5 -> Central, eastern, western and southern Europe | E11: ='Evidence Extraction'!F5&" | "&'Evidence Extraction'!G5 -> Late Neolithic to Bronze Age, focused on the third millennium BCE | Published genome-wide and uniparental datasets; mtDNA phylogeny includes 695 samples; analysis-specific sample sizes vary | F11: ='Evidence Extraction'!H5 -> PCA; qpAdm; outgroup f3; mtDNA and Y-chromosome analysis; autosome-versus-X ancestry comparison | G11: ='Evidence Extraction'!I5 -> Steppe-related ancestry is highest in several Corded Ware groups and is more strongly male-biased there than in Bell Beaker groups; no comparable significant Steppe input is detected in the pooled mitochondrial gene pool. | H11: Autosomal, X-chromosomal and uniparental comparisons indicate stronger male bias in Corded Ware than Bell Beaker groups, with substantial regional variation. | I11: ='Evidence Extraction'!L5 -> Westward, sex-biased ancestry dispersal followed by regionally variable admixture | J11: ='Evidence Extraction'!E5 -> Yamnaya proxies; Corded Ware; Bell Beaker; Neolithic and Bronze Age Europeans | K11: ='Evidence Extraction'!M5 -> Mainly early to middle third millennium BCE | L11: ='Evidence Extraction'!P5 -> INDIRECT | M11: ='Evidence Extraction'!Q5 -> The discussion treats Steppe ancestry as compatible with the spread of some Indo-European languages but also notes counterexamples; language is not measured. | N11: ='Evidence Extraction'!O5 -> The authors interpret the autosomal, X-chromosomal and uniparental differences as predominantly male-driven migration, especially into Corded Ware groups. | O11: ='Evidence Extraction'!S5&" | "&'Evidence Extraction'!T5 -> Coverage is strongest for central/eastern Europe and varies sharply by regional archaeological group. | Published-data reanalysis; low X-chromosome SNP counts and large standard deviations require caution; Yamnaya Y lineages are an imperfect male-source proxy. | P11: ='Evidence Extraction'!U5 -> Provides a focused test of sex-biased migration and cautions against assuming the same demographic process across all of Europe. | Q11: ='Evidence Extraction'!B5 -> 24A5ALRY | R11: ="Evidence Extraction row 5; "&'Evidence Extraction'!W5 -> Evidence Extraction row 5; pp. 1–3, 7–9
A12: ='Evidence Extraction'!A14 -> Olalde et al. (2018) | B12: Later western consequences | C12: LATER CONSEQUENCE | D12: ='Evidence Extraction'!D14 -> Western and central Europe, especially Iberia, central Europe and Britain | E12: ='Evidence Extraction'!F14&" | "&'Evidence Extraction'!G14 -> ~4700–800 BCE; key Beaker interval ~2750–2200 BCE | 400 ancient Europeans from 136 sites, including 226 Beaker-associated individuals; combined analysis dataset 683 ancient samples | F12: ='Evidence Extraction'!H14 -> 1.23-million-SNP capture; PCA; f-statistics/qpAdm; Y-chromosome analysis; 111 direct radiocarbon dates | G12: ='Evidence Extraction'!I14 -> Iberian and central-European Beaker groups show limited genetic affinity, but Beaker-associated migration carried high Steppe-related ancestry into Britain and replaced about 90% of its gene pool within a few hundred years. | H12: Bell Beaker spread was cultural between some regions but demographic into Britain, where Steppe-related newcomers replaced about 90% of the gene pool. | I12: ='Evidence Extraction'!L14 -> Continued east-to-west dispersal with regionally different balances of cultural diffusion and migration | J12: ='Evidence Extraction'!E14 -> Bell Beaker-associated individuals, Corded Ware-related Steppe ancestry and local Neolithic populations | K12: ='Evidence Extraction'!M14 -> From ~2750/2500 BCE, mainly after the primary Yamnaya interval | L12: ='Evidence Extraction'!P14 -> INDIRECT | M12: ='Evidence Extraction'!Q14 -> The study demonstrates a later demographic mechanism that could transmit language but makes no independent language identification. | N12: ='Evidence Extraction'!O14 -> The authors interpret the Beaker phenomenon as heterogeneous: cultural transmission between some regions and mass migration into others. | O12: ='Evidence Extraction'!S14&" | "&'Evidence Extraction'!T14 -> Most decisive British evidence postdates 2600 BCE and represents consequences of earlier Steppe dispersal, not core Yamnaya movement. | Regional sample imbalance and proxy ancestry sources limit exact origins; shared artefacts cannot be equated with shared population identity. | P12: ='Evidence Extraction'!U14 -> Provides a strong later consequence and a clear demonstration that material-culture spread can be demic in one region and cultural in another. | Q12: ='Evidence Extraction'!B14 -> 2PL38PG4 | R12: ="Evidence Extraction row 14; "&'Evidence Extraction'!W14 -> Evidence Extraction row 14; pp. 1–5
A13: ='Evidence Extraction'!A7 -> Tassi et al. (2017) | B13: Culture versus migration | C13: QUALIFYING / NEGATIVE CASE | D13: ='Evidence Extraction'!D7 -> Kierzkowo, northwestern Poland; central European comparison | E13: ='Evidence Extraction'!F7&" | "&'Evidence Extraction'!G7 -> GAC context before the main Steppe expansion, approximately 3400/3100–2800 BCE | Six individuals with nuclear data at 597,573 SNPs and 11 complete Neolithic mitochondrial sequences | F13: ='Evidence Extraction'!H7 -> Genome-wide comparison; PCA and allele-sharing statistics; mitochondrial analysis; approximate Bayesian computation of alternative demographic models | G13: ='Evidence Extraction'!I7 -> Sampled GAC individuals are closer to earlier Neolithic groups than to populations related to Pontic-Steppe migration and lack the expected Yamnaya-derived profile. | H13: Globular Amphorae individuals lack the expected Yamnaya-derived profile, so eastern archaeological affinity need not represent movement of Steppe people. | I13: ='Evidence Extraction'!L7 -> Local genetic continuity with eastern cultural influence, before later Steppe gene flow | J13: ='Evidence Extraction'!E7 -> Globular Amphorae culture, earlier Neolithic farmers, Yamnaya/Steppe-related groups and Corded Ware | K13: ='Evidence Extraction'!M7 -> Immediately before and overlapping the start of the target period | L13: ='Evidence Extraction'!P7 -> EXPLICIT | M13: ='Evidence Extraction'!Q7 -> The study tests demographic expectations of Steppe/Kurgan and Anatolian language-dispersal models and stresses that language change need not track migration exactly. | N13: ='Evidence Extraction'!O7 -> The authors interpret GAC eastern archaeological affinities as cultural influence rather than movement of Steppe people. | O13: ='Evidence Extraction'!S7&" | "&'Evidence Extraction'!T7 -> One burial context in northwestern Poland and a small number of individuals limit geographic generalization. | Small sample; preservation and sample-selection losses; demographic conclusions depend on the compared models and reference populations. | P13: ='Evidence Extraction'!U7 -> Provides a negative/qualifying case showing that archaeological eastern affinity need not imply Steppe migration or linguistic identity. | Q13: ='Evidence Extraction'!B7 -> Q2Y9FLYQ | R13: ="Evidence Extraction row 7; "&'Evidence Extraction'!W7 -> Evidence Extraction row 7; pp. 1–4, 6–8
A14: ='Evidence Extraction'!A4 -> Wang et al. (2021) | B14: Eastward expansion | C14: CORE | D14: ='Evidence Extraction'!D4 -> Mongolia, northern China, Amur region and western China | E14: ='Evidence Extraction'!F4&" | "&'Evidence Extraction'!G4 -> ~6000 BCE–AD 1000 | 166 ancient individuals and 383 present-day individuals from 46 groups | F14: ='Evidence Extraction'!H4 -> Genome-wide capture / sequencing; PCA; qpWave; qpAdm; qpGraph; ancestry modelling | G14: ='Evidence Extraction'!I4 -> Afanasievo is genetically very close to Yamnaya; Yamnaya/Afanasievo-related ancestry reached western Mongolia after ~3000 BCE, later declined there and persisted farther west in Xinjiang. | H14: Afanasievo-related ancestry closely related to Yamnaya reached the Altai, western Mongolia and Xinjiang after about 3000 BCE. | I14: ='Evidence Extraction'!L4 -> Eastward Steppe dispersal with later regional admixture and partial ancestry loss | J14: ='Evidence Extraction'!E4 -> Yamnaya/Afanasievo-related groups, Chemurchek, Shirenzigou and other ancient East Asian populations | K14: ='Evidence Extraction'!M4 -> After ~3000 BCE, with later Bronze and Iron Age continuities | L14: ='Evidence Extraction'!P4 -> EXPLICIT | M14: ='Evidence Extraction'!Q4 -> The authors argue that the demographic evidence adds weight to a migration-mediated spread of proto-Tocharian; this remains an interdisciplinary inference. | N14: ='Evidence Extraction'!O4 -> The authors interpret the genetic links as evidence for movement of Yamnaya descendants into Inner Asia. | O14: ='Evidence Extraction'!S4&" | "&'Evidence Extraction'!T4 -> East Asian ancient-DNA sampling is uneven, with several small or singleton archaeological groups; most evidence is east of the core Yamnaya zone. | Some qpAdm models are equally plausible and closely related sources can be difficult to distinguish; cultural association does not guarantee matching ancestry. | P14: ='Evidence Extraction'!U4 -> Supplies the principal eastward case study and an explicit, qualified Tocharian interpretation. | Q14: ='Evidence Extraction'!B4 -> 4IUR2RSU | R14: ="Evidence Extraction row 4; "&'Evidence Extraction'!W4 -> Evidence Extraction row 4; pp. 1, 4–6
A15: ='Evidence Extraction'!A9 -> Dzhaubermezov et al. (2026) | B15: Caucasus corridor | C15: SECONDARY CONTEXT | D15: ='Evidence Extraction'!D9 -> North and South Caucasus | E15: ='Evidence Extraction'!F9&" | "&'Evidence Extraction'!G9 -> ~50,000 BCE–AD 1914; Bronze Age evidence is the relevant subset | 669 ancient individuals compiled; 565 ancient Caucasus individuals retained for PCA after quality control; modern comparators also used | F15: ='Evidence Extraction'!H9 -> Systematic synthesis of published datasets; quality-controlled pooled reanalysis; PCA; D-statistics; relatedness screening | G15: ='Evidence Extraction'!I9 -> The pooled data show early north–south differentiation, Bronze Age Steppe-related gene flow associated with Yamnaya and later admixture alongside substantial regional continuity. | H15: Pooled Caucasus data support Bronze Age Steppe gene flow and long-term admixture/continuity but provide secondary, overlapping evidence rather than a unique route. | I15: ='Evidence Extraction'!L9 -> Corridor-like, bidirectional interaction across and around the Caucasus | J15: ='Evidence Extraction'!E9 -> Caucasus hunter-gatherers, Maykop, Yamnaya, Catacomb, Kura-Araxes and later Caucasus populations | K15: ='Evidence Extraction'!M9 -> Long-term prehistory; Yamnaya-linked signal concentrated in the Bronze Age | L15: ='Evidence Extraction'!P9 -> BACKGROUND | M15: ='Evidence Extraction'!Q9 -> Proto-Indo-Anatolian and language–genetics links are largely attributed to recent cited studies rather than independently tested. | N15: ='Evidence Extraction'!O9 -> The authors synthesize the Caucasus as both a barrier and migration corridor involved in the ancestry of Steppe pastoralist societies. | O15: ='Evidence Extraction'!S9&" | "&'Evidence Extraction'!T9 -> Extremely broad chronology; early North Caucasus and late historical sampling gaps; Bronze Age findings must be isolated from later continuity. | Secondary data vary in coverage, laboratory pipelines and sampling; pooled PCA is descriptive; source-study overlap risks double counting. | P15: ='Evidence Extraction'!U9 -> Provides Caucasus corridor context and a secondary cross-study check on Steppe-related gene flow. | Q15: ='Evidence Extraction'!B9 -> 8LBVFX2C | R15: ="Evidence Extraction row 9; "&'Evidence Extraction'!W9 -> Evidence Extraction row 9; pp. 1–4 and Bronze Age/Conclusion sections
A16: ='Evidence Extraction'!A2 -> Wong et al. (2017) | B16: Northern Eurasian context | C16: SECONDARY CONTEXT | D16: ='Evidence Extraction'!D2 -> Western Siberia; northeastern Europe; Urals | E16: ='Evidence Extraction'!F2&" | "&'Evidence Extraction'!G2 -> Modern genomes; ancient comparators include Yamnaya (~4.7–5.3 kya) | 28 high-coverage modern genomes from 14 groups, 32 additional modern genomes and 46 published ancient genomes | F16: ='Evidence Extraction'!H2 -> High-coverage whole-genome sequencing; PCA; TreeMix; D-statistics; admixture modelling | G16: ='Evidence Extraction'!I2 -> Western Siberian groups, especially Mansi, share excess alleles with ancient eastern Europeans including Yamnaya; western Siberian-related ancestry is also detectable in northeastern Europeans. | H16: Western Siberian–northeastern European gene flow predates and overlaps the Yamnaya horizon, adding context rather than a direct Yamnaya migration transect. | I16: ='Evidence Extraction'!L2 -> Westward gene flow and later contact across northern Eurasia | J16: ='Evidence Extraction'!E2 -> Mansi, Khanty, Nenets, Selkup and other northern Eurasian groups; published Yamnaya and other ancient comparators | K16: ='Evidence Extraction'!M2 -> Authors infer western Siberian input into northeastern Europe before the Yamnaya horizon, probably before ~6.6 kya. | L16: ='Evidence Extraction'!P2 -> BACKGROUND | M16: ='Evidence Extraction'!Q2 -> Late Proto-Indo-European is contextual only; the paper makes no independent linguistic inference. | N16: ='Evidence Extraction'!O2 -> The authors reconstruct deep Siberia–Europe interaction and caution that Mansi are not descendants of Yamnaya. | O16: ='Evidence Extraction'!S2&" | "&'Evidence Extraction'!T2 -> Predominantly a northern Eurasian study using modern populations; target-period movement is indirect. | Ancient genomes are published comparators; direction and timing depend on population models and sparse ancient sampling. | P16: ='Evidence Extraction'!U2 -> Adds contextual evidence that northern Eurasian gene flow pre-dated and overlapped the Yamnaya horizon, qualifying a simple one-way expansion narrative. | Q16: ='Evidence Extraction'!B2 -> CEFW5MDT | R16: ="Evidence Extraction row 2; "&'Evidence Extraction'!W2 -> Evidence Extraction row 2; pp. 1–2, 9–12

Sheet Synthesis Themes
A1: Cross-Study Theme | B1: Convergent Evidence | C1: Key Studies | D1: Qualification / Tension | E1: Geographic Strength | F1: Chronological Role | G1: Language Status | H1: Main Evidence Gap | I1: Theme Decision | J1: Studies Cited | K1: Assigned Focus | L1: Stage 5 Evidence Boundary
A2: Yamnaya formation and launch | B2: Recent studies converge on a multi-stage process: Caucasus–Lower Volga ancestry mixed with North Pontic/Dnipro-related ancestry before a rapid Yamna expansion near 3300 BCE. | C2: Lazaridis et al. (2025); Nikitin et al. (2025); Chintalapati et al. (2022); Mathieson et al. (2018) | D2: The exact core formation zone, unsampled source populations and routes toward Anatolia remain unresolved and model-dependent. | E2: Strongest in the North Pontic, Volga and Russian Steppe datasets, but sampling is uneven. | F2: Earlier formation (~4500–4000 BCE) plus direct target-period launch (~3300 BCE) | G2: Explicit in Lazaridis and Chintalapati; indirect in Nikitin. Language remains an interdisciplinary interpretation. | H2: More direct lower-Volga, Don/Dnipro and Anatolian-route samples are needed. | I2: RETAIN — recurring | J2: =IF(C2="",0,LEN(C2)-LEN(SUBSTITUTE(C2,";",""))+1) -> 4 | K2: Migration foundation + language inference | L2: Uses ancestry formation and chronology only where they explain later movement; it does not create a separate origins section or treat genetic ancestry as language.
A3: Westward expansion into Europe | B3: Ancestry proportions, population turnover and IBD all support rapid movement of Yamnaya-related people into central and northern Europe around 3000 BCE. | C3: Haak et al. (2015); Allentoft et al. (2015); Ringbauer et al. (2024); Papac et al. (2021) | D3: Known Yamnaya samples are not necessarily the sole direct source; Corded Ware populations rapidly incorporated local ancestry and were not socially homogeneous. | E3: Strong for Germany, Bohemia and several Corded Ware groups; less even farther south and west. | F3: Directly within 3300–2600 BCE, with immediate later transformations | G3: Explicit in Haak and Allentoft; indirect in Ringbauer and Papac. | H3: Precise migration corridors, source substructure and the balance of mass migration versus repeated smaller movements remain uncertain. | I3: RETAIN — recurring | J3: =IF(C3="",0,LEN(C3)-LEN(SUBSTITUTE(C3,";",""))+1) -> 4 | K3: Migration pattern | L3: Treats population-genetic change as evidence of westward movement, while allowing for local admixture and source uncertainty.
A4: Sex-biased movement and local mobility | B4: Multiple studies support male-biased Steppe ancestry alongside incorporation of local women; isotope and kinship evidence shows that migration operated through local communities. | C4: Scorrano et al. (2021); Linderholm et al. (2020); Papac et al. (2021) | D4: The strength of sex bias varies by region and archaeological group; X-chromosome estimates have large uncertainty and low SNP counts. | E4: Best resolved in central Europe and southeastern Poland. | F4: Mostly ~2900–2400 BCE; spans the target period and immediate aftermath | G4: Indirect demographic mechanism only; no study identifies the language spoken by migrants or local spouses. | H4: Larger balanced cemetery samples and stronger isotope baselines are needed outside central Europe. | I4: RETAIN — recurring | J4: =IF(C4="",0,LEN(C4)-LEN(SUBSTITUTE(C4,";",""))+1) -> 3 | K4: Migration mechanism | L4: Explains how movement operated through sex bias, kinship and local incorporation; it does not assume one mechanism across all regions.
A5: Eastward expansion into Inner Asia | B5: Afanasievo's close relationship to Yamnaya and the appearance of this ancestry in the Altai, western Mongolia and Xinjiang support an eastward dispersal after ~3000 BCE. | C5: Wang et al. (2021); Allentoft et al. (2015); Chintalapati et al. (2022) | D5: Steppe ancestry later declined in parts of Mongolia, and an Afanasievo archaeological association did not always correspond to Yamnaya ancestry. | E5: Good broad signal across the Altai and western Mongolia, but sparse fine-scale sampling and route intermediates. | F5: Target-period movement followed by later Bronze/Iron Age persistence and turnover | G5: Explicit proto-Tocharian interpretation in Wang; broader Indo-European compatibility in Allentoft and Chintalapati. | H5: Intermediate-route samples and tighter chronology are needed to connect demographic movement to specific Tocharian branches. | I5: RETAIN — recurring | J5: =IF(C5="",0,LEN(C5)-LEN(SUBSTITUTE(C5,";",""))+1) -> 3 | K5: Migration pattern + language inference | L5: Uses eastward demographic evidence as compatible with language-dispersal hypotheses; it does not identify a spoken language from DNA.
A6: Culture, continuity and regionally variable replacement | B6: GAC continuity and geographically variable Beaker ancestry show that similar material culture can spread without equivalent population movement, while other regions experienced major replacement. | C6: Tassi et al. (2017); Olalde et al. (2018); Papac et al. (2021) | D6: The strongest Beaker replacement evidence is later than the core Yamnaya interval and should not be projected backward. | E6: Strong case studies in northwestern Poland, central Europe and Britain; not a universal Eurasian pattern. | F6: Pre-target continuity plus late-target and post-target consequences | G6: Tassi explicitly evaluates language-dispersal models; Olalde and Papac contribute indirect demographic constraints. | H6: More matched archaeological–genetic regional transects are needed to separate cultural transmission, elite dominance and population replacement. | I6: RETAIN — recurring | J6: =IF(C6="",0,LEN(C6)-LEN(SUBSTITUTE(C6,";",""))+1) -> 3 | K6: Migration qualifier | L6: Tests whether material-culture change corresponds to demographic movement; culture is included only as a migration qualifier.
A7: Caucasus and northern Eurasian context | B7: Long-term Steppe–Caucasus and Siberia–northeastern Europe gene flow complicates a single-origin, single-wave narrative and supplies context for Yamnaya ancestry formation. | C7: Dzhaubermezov et al. (2026); Wong et al. (2017); Lazaridis et al. (2025); Nikitin et al. (2025) | D7: Two contributions are secondary or modern-population-led, and their broad chronology does not isolate direct Yamnaya movement. | E7: Uneven: growing Steppe data, sparse early North Caucasus/lower-Volga coverage and indirect northern Eurasian sampling. | F7: Mainly earlier ancestry context, with Bronze Age corridor evidence | G7: Mostly background; explicit language reconstruction comes primarily from Lazaridis rather than the contextual studies. | H7: Independent ancient samples from the North Caucasus, lower Volga and northern Eurasian corridors remain limited. | I7: RETAIN — recurring | J7: =IF(C7="",0,LEN(C7)-LEN(SUBSTITUTE(C7,";",""))+1) -> 4 | K7: Migration context | L7: Retains earlier and broader gene flow only as context needed to interpret target-period Yamnaya movement across Eurasia.
A8: Migration and Indo-European language dispersal | B8: The corpus repeatedly treats rapid Steppe-related population spread as a plausible demographic mechanism compatible with Indo-European dispersal. | C8: Lazaridis et al. (2025); Haak et al. (2015); Allentoft et al. (2015); Wang et al. (2021); Chintalapati et al. (2022); Tassi et al. (2017) | D8: Ancient DNA cannot reveal speech; migration need not cause complete language replacement, and language can spread without equivalent genetic turnover. | E8: Demographic evidence is strongest in the Steppe and central Europe; linguistic linkage is weakest where independent linguistic evidence is absent. | F8: Mixed: earlier language-root hypotheses, target-period dispersal and later branch consequences | G8: ="EXPLICIT: "&COUNTIF('Synthesis Table'!$L$2:$L$16,"EXPLICIT")&"; INDIRECT: "&COUNTIF('Synthesis Table'!$L$2:$L$16,"INDIRECT")&"; BACKGROUND: "&COUNTIF('Synthesis Table'!$L$2:$L$16,"BACKGROUND")&". All are interpretations, not language observed in DNA." -> EXPLICIT: 6; INDIRECT: 7; BACKGROUND: 2. All are interpretations, not language observed in DNA. | H8: The collection contains no direct linguistic dataset; branching, borrowing, multilingualism and transmission mechanisms require independent linguistic evidence. | I8: RETAIN — recurring | J8: =IF(C8="",0,LEN(C8)-LEN(SUBSTITUTE(C8,";",""))+1) -> 6 | K8: Language synthesis | L8: Separates direct genetic/demographic findings from authorial or interdisciplinary linguistic interpretation in every claim.

Sheet Agreements & Gaps
A1: Stage 6 — Agreements, Tensions and Demonstrated Gaps
A2: Areas of agreement | B2: =COUNTIF($A$5:$A$24,"AGREEMENT") -> 6 | C2: Tensions / disagreements | D2: =COUNTIF($A$5:$A$24,"TENSION") -> 7 | E2: Evidence gaps | F2: =COUNTIF($A$5:$A$24,"GAP") -> 7 | G2: Direct linguistic datasets | H2: 0 | I2: COMPLETE
A4: Type | B4: Topic | C4: Evidence-Based Finding | D4: Studies / Evidence | E4: Geographic Scope | F4: Chronological Role | G4: Status / Nature | H4: Implication for Review | I4: Genetic–Linguistic Boundary | J4: Evidence Pointer
A5: AGREEMENT | B5: Formation preceded rapid expansion | C5: Independent genetic models converge on multi-stage Steppe ancestry formation before a rapid Yamnaya expansion near 3300 BCE. | D5: Lazaridis et al. (2025); Nikitin et al. (2025); Chintalapati et al. (2022); Mathieson et al. (2018) | E5: Lower Volga, North Pontic and southeastern European interaction zones | F5: Earlier formation/contact used to explain the target-period launch | G5: STRONG CONVERGENCE | H5: Frame migration as a sequence of formation, contact and launch rather than a single instantaneous event. | I5: Language-root proposals remain authorial/interdisciplinary interpretations of the demographic model. | J5: Synthesis Themes row 2; Evidence Extraction rows 3, 10, 11 and 13
A6: AGREEMENT | B6: Rapid westward migration into Europe | C6: Ancestry proportions, population turnover and IBD evidence independently support rapid westward movement of Yamnaya-related people into central and northern Europe. | D6: Haak et al. (2015); Allentoft et al. (2015); Ringbauer et al. (2024); Papac et al. (2021) | E6: Central and northern Europe, especially Corded Ware contexts | F6: Primarily within 3300–2600 BCE, with immediate later transformations | G6: STRONG CONVERGENCE | H6: Treat large-scale westward movement as the best-supported migration finding while preserving regional variation. | I6: Genetic migration supplies a demographic mechanism compatible with language dispersal, not proof of the language spoken. | J6: Synthesis Themes row 3; Evidence Extraction rows 8, 12, 15 and 16
A7: AGREEMENT | B7: Eastward Yamnaya/Afanasievo-related dispersal | C7: Genome-wide ancestry and comparative chronology support eastward movement of a population closely related to Yamnaya toward the Altai and Inner Asia after about 3000 BCE. | D7: Wang et al. (2021); Allentoft et al. (2015); Chintalapati et al. (2022) | E7: Altai, western Mongolia, Xinjiang and wider Inner Asia | F7: Target-period movement followed by later Bronze and Iron Age change | G7: MODERATE–STRONG CONVERGENCE | H7: Include eastward dispersal as a second major direction, while stating that intermediate corridors remain poorly resolved. | I7: The proto-Tocharian connection is an interpretation offered by authors, not a linguistic observation in DNA. | J7: Synthesis Themes row 5; Evidence Extraction rows 3, 4 and 15
A8: AGREEMENT | B8: Migration involved admixture and regional restructuring | C8: Regional datasets show that Steppe-related migration was followed by local admixture, kinship restructuring, sex bias and variable population turnover rather than one uniform replacement process. | D8: Papac et al. (2021); Linderholm et al. (2020); Scorrano et al. (2021); Olalde et al. (2018) | E8: Central Europe, southeastern Poland, western Europe and Britain | F8: Target period and immediate later consequences | G8: CONVERGENT WITH REGIONAL VARIATION | H8: Discuss migration mechanisms comparatively and avoid generalising one cemetery or region to all Eurasia. | I8: Possible language transmission cannot be inferred from sex bias, kinship or ancestry turnover alone. | J8: Synthesis Themes rows 4 and 6; Evidence Extraction rows 5, 6, 12 and 14
A9: AGREEMENT | B9: Material culture and population movement are not equivalent | C9: Genetic continuity in some archaeological contexts and major ancestry turnover in others show that similar material-culture change can reflect different demographic processes. | D9: Tassi et al. (2017); Olalde et al. (2018); Papac et al. (2021) | E9: Northwestern Poland, central Europe and Britain | F9: Pre-target continuity plus late-target and post-target consequences | G9: CONVERGENT QUALIFICATION | H9: Use archaeology to contextualise movement, but do not treat archaeological similarity as proof of migration. | I9: Cultural spread cannot by itself establish either population movement or language replacement. | J9: Synthesis Themes row 6; Evidence Extraction rows 7, 12 and 14
A10: AGREEMENT | B10: Ancient DNA informs demography, not speech | C10: Across the corpus, genetic results can support demographic scenarios relevant to Indo-European dispersal, but no study directly observes the language spoken by sampled individuals. | D10: Lazaridis et al. (2025); Haak et al. (2015); Allentoft et al. (2015); Wang et al. (2021); Chintalapati et al. (2022); Tassi et al. (2017) | E10: Eurasia | F10: Earlier language-root hypotheses, target-period dispersal and later branch consequences | G10: METHODOLOGICAL CONSENSUS | H10: Separate every direct genetic result from migration interpretation and from linguistic inference. | I10: This is the central mandatory boundary: demographic compatibility is not direct linguistic evidence. | J10: Synthesis Themes row 8; Synthesis Table columns L–M
A11: TENSION | B11: Core formation geography and precise routes | C11: Studies support a multi-stage formation process but differ in geographic emphasis and depend on unsampled or proxy source populations; precise routes toward the Yamnaya horizon and Anatolia remain model-dependent. | D11: Lazaridis et al. (2025); Nikitin et al. (2025); Chintalapati et al. (2022); Mathieson et al. (2018) | E11: Lower Volga, Dnipro/Don, North Pontic, southeastern Europe and proposed Anatolian corridors | F11: Mostly earlier context leading into the target-period expansion | G11: MODEL UNCERTAINTY — NOT A SIMPLE CONTRADICTION | H11: Present the broad sequence as convergent but label the exact core zone and routes unresolved. | I11: Competing language-root locations cannot be resolved by the available genetic models alone. | J11: Synthesis Themes row 2; Synthesis Table rows 2–5
A12: TENSION | B12: Relationship between sampled Yamnaya and Corded Ware | C12: Corded Ware groups share substantial Yamnaya-related ancestry and recent genealogical links, yet sampled Yamnaya populations may not be the sole or exact direct source and Corded Ware populations were heterogeneous. | D12: Haak et al. (2015); Ringbauer et al. (2024); Papac et al. (2021); Allentoft et al. (2015) | E12: Central and northern Europe | F12: Mainly around 3000–2600 BCE | G12: ANCESTRY-RELATIONSHIP TENSION | H12: Avoid collapsing 'Yamnaya-related ancestry' into descent from one sampled Yamnaya group. | I12: A demographic relationship does not establish that Corded Ware and Yamnaya communities spoke the same language. | J12: Synthesis Themes row 3; Synthesis Table rows 6–9
A13: TENSION | B13: Scale and mechanism of westward migration | C13: Large ancestry shifts support major movement, while regional studies reveal repeated migration, local incorporation and different balances of replacement and admixture. | D13: Haak et al. (2015); Papac et al. (2021); Linderholm et al. (2020); Scorrano et al. (2021); Olalde et al. (2018) | E13: Central, northern and western Europe | F13: Target period through immediate later consequences | G13: REGIONAL VARIATION | H13: Compare mass-migration evidence with community-scale mechanisms instead of choosing one universal model. | I13: The scale of genetic turnover does not directly measure the scale or mechanism of language replacement. | J13: Synthesis Themes rows 3, 4 and 6; Synthesis Table rows 6 and 9–12
A14: TENSION | B14: Strength and generalisability of sex bias | C14: Male-biased Steppe ancestry is supported in several European datasets, but its magnitude varies by region and archaeological group and some X-chromosome estimates are imprecise. | D14: Scorrano et al. (2021); Linderholm et al. (2020); Papac et al. (2021) | E14: Central Europe and southeastern Poland | F14: Mostly about 2900–2400 BCE | G14: METHOD AND REGIONAL VARIATION | H14: Treat sex bias as a recurring mechanism with geographically limited evidence, not a Eurasia-wide constant. | I14: Sex-biased ancestry cannot identify the languages used within households or communities. | J14: Synthesis Themes row 4; Evidence Extraction rows 5, 6 and 12
A15: TENSION | B15: Eastward route and archaeological correspondence | C15: Afanasievo-related ancestry supports eastward dispersal, but intermediate routes are sparsely sampled and an Afanasievo archaeological label does not always correspond to Yamnaya-related ancestry. | D15: Wang et al. (2021); Allentoft et al. (2015); Chintalapati et al. (2022) | E15: Altai, western Mongolia, Xinjiang and unsampled intermediate corridors | F15: After about 3000 BCE, with later persistence and turnover | G15: ROUTE AND CULTURE TENSION | H15: State the broad eastward signal confidently but keep fine-scale pathways and cultural equivalence provisional. | I15: A possible proto-Tocharian link remains an authorial interpretation requiring independent linguistic support. | J15: Synthesis Themes row 5; Evidence Extraction rows 3, 4 and 15
... A24: GAP | B24: Independent linguistic evidence and transmission mechanisms | C24: The collection contains no direct linguistic dataset and does not resolve branching, borrowing, multilingualism, elite dominance or household language transmission. | D24: All 15 included studies; explicitly acknowledged across the language-synthesis theme | E24: Eurasia | F24: Earlier roots, target-period dispersal and later branches | G24: DIRECT LINGUISTIC EVIDENCE GAP | H24: Requires integration with independent historical-linguistic and archaeological evidence in any final argument. | I24: Ancient DNA can test demographic compatibility but cannot identify a language or prove language replacement. | J24: Synthesis Themes row 8; Synthesis Table columns L–M

Sheet Argument Outline
A1: Stage 7 — Argument-Based Review Outline
A2: Major sections | B2: =MAX($B$5:$B$23) -> 6 | C2: Argument steps | D2: =COUNTA($A$5:$A$23) -> 19 | E2: Drafted prose | F2: 0 | G2: Stage status | H2: OUTLINE ONLY — COMPLETE | I2: Direct linguistic datasets | J2: 0
A3: Central argument | B3: Ancient DNA most strongly supports rapid bidirectional dispersal of Yamnaya-related populations after a multi-stage formation process, followed by regionally variable admixture and restructuring; these demographic findings are compatible with some Indo-European dispersal models but do not directly identify language.
A4: Step | B4: Section # | C4: Major Section | D4: Subsection | E4: Argument Function | F4: Planned Claim / Task | G4: Evidence to Synthesize | H4: Key Studies | I4: Geographic Scope | J4: Chronological Role | K4: Agreement / Tension / Gap Basis | L4: Language Treatment | M4: Required Caution | N4: Draft Status | O4: Evidence Pointer
A5: 1 | B5: 1 | C5: Introduction to assigned scope | D5: 1.1 Scope, question and boundaries | E5: Define the analytical problem | F5: Frame the section around what ancient DNA reveals about Yamnaya migration across Eurasia during 3300–2600 BCE and how those movements relate to Indo-European language hypotheses. | G5: Review scope, inclusion decisions and chronological classifications | H5: All 15 included studies as bounded by the screening and evidence tables | I5: Eurasia | J5: Primary interval 3300–2600 BCE; earlier and later evidence labelled separately | K5: Stage 5 themes; Stage 6 map | L5: State that language requires interdisciplinary inference. | M5: Do not create independent origin, lifestyle, culture, genetics or technology sections. | N5: OUTLINE ONLY | O5: Summary; Screening Decisions; Evidence Extraction
A6: 2 | B6: 1 | C6: Introduction to assigned scope | D6: 1.2 Evidence hierarchy | E6: Establish how claims will be evaluated | F6: Distinguish direct genetic results from demographic interpretation, archaeological context and linguistic inference before presenting substantive claims. | G6: Ancient genomes, ancestry models, IBD, kinship, isotopes and authorial language claims | H6: Lazaridis et al. (2025); Haak et al. (2015); Allentoft et al. (2015); Wang et al. (2021); Tassi et al. (2017) | I6: Eurasia | J6: Applies across all chronological roles | K6: Agreement: ancient DNA informs demography, not speech | L6: Use calibrated terms such as compatible with, consistent with and interpreted as supporting. | M6: Never equate genetic ancestry with ethnicity or language. | N6: OUTLINE ONLY | O6: Agreements & Gaps rows 10 and 17; Synthesis Table L–M
A7: 3 | B7: 2 | C7: Evidence for population movement | D7: 2.1 Formation-to-launch sequence | E7: Explain the demographic precondition for expansion | F7: Synthesize evidence for multi-stage Steppe ancestry formation and earlier contacts only insofar as they explain the rapid Yamnaya launch near 3300 BCE. | G7: Admixture dating, ancestry modelling and pre-expansion Steppe contact | H7: Lazaridis et al. (2025); Nikitin et al. (2025); Chintalapati et al. (2022); Mathieson et al. (2018) | I7: Lower Volga, North Pontic and southeastern European interaction zones | J7: Earlier formation/contact followed by direct target-period launch | K7: Agreement 1; tension over exact formation geography and routes | L7: Language-root proposals are interpretations of the demographic sequence. | M7: Keep origins subordinate to the migration argument and preserve model uncertainty. | N7: OUTLINE ONLY | O7: Agreements & Gaps rows 5 and 11; Synthesis Themes row 2
A8: 4 | B8: 2 | C8: Evidence for population movement | D8: 2.2 Westward expansion into Europe | E8: Present the strongest migration finding | F8: Combine ancestry proportions, turnover and recent genealogical links to argue for rapid westward movement of Yamnaya-related populations into central and northern Europe around 3000 BCE. | G8: Genome-wide ancestry shifts, population turnover and IBD | H8: Haak et al. (2015); Allentoft et al. (2015); Ringbauer et al. (2024); Papac et al. (2021) | I8: Central and northern Europe | J8: Directly within 3300–2600 BCE with immediate later transformations | K8: Agreement 2; tensions over source population and movement scale | L8: Demographic movement may support a language-spread mechanism but does not identify speech. | M8: Use 'Yamnaya-related ancestry' where the exact sampled source is unresolved. | N8: OUTLINE ONLY | O8: Agreements & Gaps rows 6, 12 and 13; Synthesis Themes row 3
A9: 5 | B9: 2 | C9: Evidence for population movement | D9: 2.3 Eastward expansion into Inner Asia | E9: Complete the bidirectional Eurasian pattern | F9: Synthesize the close Yamnaya–Afanasievo genetic relationship and the movement of related ancestry toward the Altai, western Mongolia and Xinjiang after about 3000 BCE. | G9: Genome-wide ancestry, comparative chronology and regional persistence/turnover | H9: Wang et al. (2021); Allentoft et al. (2015); Chintalapati et al. (2022) | I9: Altai, western Mongolia, Xinjiang and wider Inner Asia | J9: Target-period movement followed by later Bronze/Iron Age change | K9: Agreement 3; tension and gap concerning route intermediates | L9: Present proto-Tocharian as an explicit author interpretation requiring independent linguistic support. | M9: Do not equate every Afanasievo archaeological context with Yamnaya-related ancestry. | N9: OUTLINE ONLY | O9: Agreements & Gaps rows 7, 15 and 19; Synthesis Themes row 5
A10: 6 | B10: 3 | C10: Routes, chronology and demographic consequences | D10: 3.1 Chronological sequence | E10: Organise movement through time | F10: Compare earlier ancestry formation and contact, direct target-period dispersals, and later consequences so that evidence outside 3300–2600 BCE is not treated as direct Yamnaya-period evidence. | G10: Sample dates, admixture dates and chronological roles | H10: Chintalapati et al. (2022); Mathieson et al. (2018); Olalde et al. (2018); Wong et al. (2017); Dzhaubermezov et al. (2026) | I10: Multiple Eurasian regions | J10: Earlier context → target-period movement → later consequence | K10: Tension 6; gap in fine chronology and source substructure | L10: Later language distributions are not direct evidence of target-period speech. | M10: Label every major example as earlier context, direct evidence or later consequence. | N10: OUTLINE ONLY | O10: Agreements & Gaps rows 16 and 23; Synthesis Table K
A11: 7 | B11: 3 | C11: Routes, chronology and demographic consequences | D11: 3.2 Corded Ware relationship and source uncertainty | E11: Evaluate the main westward connection | F11: Compare high Yamnaya-related ancestry and recent IBD links with evidence that sampled Yamnaya may not be the sole direct source and Corded Ware populations were heterogeneous. | G11: Ancestry proportions, IBD and regional population modelling | H11: Haak et al. (2015); Ringbauer et al. (2024); Papac et al. (2021); Allentoft et al. (2015) | I11: Central and northern Europe | J11: Approximately 3000–2600 BCE | K11: Tension 2: ancestry relationship | L11: A close demographic relationship does not establish a shared language. | M11: Avoid presenting Corded Ware as a genetically or socially uniform population. | N11: OUTLINE ONLY | O11: Agreements & Gaps row 12; Synthesis Table rows 6–9
A12: 8 | B12: 3 | C12: Routes, chronology and demographic consequences | D12: 3.3 Replacement, admixture and regional restructuring | E12: Reject a single uniform mechanism | F12: Contrast large ancestry shifts with regional evidence of local incorporation, repeated migration and different balances of admixture and replacement. | G12: Population turnover, qpAdm/ancestry models, kinship and regional time series | H12: Haak et al. (2015); Papac et al. (2021); Linderholm et al. (2020); Olalde et al. (2018) | I12: Central, northern and western Europe | J12: Target period and immediate later consequences | K12: Agreement 4; tension 3 over scale and mechanism | L12: The amount of ancestry turnover cannot directly measure language replacement. | M12: Do not generalise British or central-European replacement estimates to Eurasia. | N12: OUTLINE ONLY | O12: Agreements & Gaps rows 8 and 13; Synthesis Themes rows 3, 4 and 6
A13: 9 | B13: 3 | C13: Routes, chronology and demographic consequences | D13: 3.4 Sex-biased movement and local mobility | E13: Explain community-level migration mechanisms | F13: Synthesize evidence for male-biased Steppe ancestry, local maternal incorporation, kinship and isotope-defined mobility while comparing regional variation. | G13: Autosomal versus X-chromosome ancestry, uniparental markers, kinship and isotope evidence | H13: Scorrano et al. (2021); Linderholm et al. (2020); Papac et al. (2021) | I13: Central Europe and southeastern Poland | J13: Mostly about 2900–2400 BCE | K13: Agreement 4; tension 4; sample-design gap | L13: Sex bias does not reveal household or community language use. | M13: Treat the mechanism as recurring but not universally quantified across Eurasia. | N13: OUTLINE ONLY | O13: Agreements & Gaps rows 8, 14 and 21; Synthesis Themes row 4
A14: 10 | B14: 3 | C14: Routes, chronology and demographic consequences | D14: 3.5 Cultural diffusion versus demographic movement | E14: Use negative and qualifying cases | F14: Compare genetic continuity in some archaeological contexts with substantial population replacement elsewhere to show that material-culture spread and migration are not interchangeable. | G14: Genetic continuity, affinity modelling and regional replacement evidence | H14: Tassi et al. (2017); Olalde et al. (2018); Papac et al. (2021) | I14: Northwestern Poland, central Europe and Britain | J14: Pre-target continuity plus late-target and post-target consequences | K14: Agreement 5; gap in matched archaeological–genetic transects | L14: Cultural similarity alone establishes neither migration nor language spread. | M14: Do not project later Bell Beaker replacement backward into the core Yamnaya interval. | N14: OUTLINE ONLY | O14: Agreements & Gaps rows 9 and 22; Synthesis Themes row 6
A15: 11 | B15: 4 | C15: Migration and Indo-European language dispersal | D15: 4.1 Demographic mechanism compatible with dispersal | E15: State the strongest defensible language-related inference | F15: Explain that rapid, extensive Steppe-related population movement supplies a plausible demographic mechanism compatible with Indo-European dispersal. | G15: Cross-study migration scale and chronology plus explicit author interpretations | H15: Lazaridis et al. (2025); Haak et al. (2015); Allentoft et al. (2015); Chintalapati et al. (2022) | I15: Steppe, Europe and wider Eurasia | J15: Formation context and target-period dispersal | K15: Agreement 6; tension 7 over degree of linguistic inference | L15: Use 'compatible with' and 'interpreted as supporting', never 'DNA proves'. | M15: Keep genetic evidence and linguistic inference in separate sentences or clauses. | N15: OUTLINE ONLY | O15: Agreements & Gaps rows 10 and 17; Synthesis Themes row 8
A16: 12 | B16: 4 | C16: Migration and Indo-European language dispersal | D16: 4.2 Weighting explicit, indirect and background claims | E16: Calibrate the language evidence | F16: Compare the six explicit, seven indirect and two background language classifications rather than treating all genetic studies as equally supportive of one linguistic model. | G16: Language relevance and interpretation fields from all included studies | H16: All 15 included studies | I16: Eurasia | J16: Mixed chronological roles | K16: Tension 7: interpretive divergence | L16: All three categories remain interpretations; none is direct linguistic evidence. | M16: Attribute specific language claims to their authors and retain claim provenance. | N16: OUTLINE ONLY | O16: Synthesis Themes G8; Synthesis Table L–M; Agreements & Gaps row 17
... A23: 19 | B23: 6 | C23: Synthesis and research gaps | D23: 6.2 What remains unresolved | E23: End with bounded uncertainties and research needs | F23: Prioritise unresolved route intermediates, source substructure, geographic imbalance, community-scale sampling, chronological resolution and the absence of direct linguistic evidence. | G23: All seven demonstrated gaps and the associated tensions | H23: All 15 included studies, weighted by direct relevance | I23: Eurasia | J23: All chronological roles | K23: Tensions 1–7; gaps 1–7 | L23: Independent linguistic evidence is required to assess branching and transmission mechanisms. | M23: Do not present a gap as evidence for any preferred migration or language model. | N23: OUTLINE ONLY | O23: Agreements & Gaps rows 11–24
